[
  {
    "artistName": "Karthi",
    "segment": "Previously Active Listeners"
  },
  {
    "artistName": "Amit Trivedi",
    "segment": "Previously Active Listeners"
  },
  {
    "artistName": "Bappi Lahiri",
    "segment": "Previously Active Listeners"
  },
  {
    "artistName": "Nivas",
    "segment": "Previously Active Listeners"
  },
  {
    "artistName": "Kamal Haasan",
    "segment": "Previously Active Listeners"
  },
  {
    "artistName": "Santhosh Venky",
    "segment": "Previously Active Listeners"
  },
  {
    "artistName": "Neha Kakkar",
    "segment": "Previously Active Listeners"
  },
  {
    "artistName": "Makumba",
    "segment": "Previously Active Listeners"
  },
  {
    "artistName": "Ramya Behara",
    "segment": "Previously Active Listeners"
  },
  {
    "artistName": "Ilaiyaraaja,Srinisha",
    "segment": "Previously Active Listeners"
  },
  {
    "artistName": "Jack Harlow",
    "segment": "Previously Active Listeners"
  },
  {
    "artistName": "Pritam",
    "segment": "Previously Active Listeners"
  },
  {
    "artistName": "Rekha Bhardwaj",
    "segment": "Previously Active Listeners"
  },
  {
    "artistName": "Krishna Beuraa",
    "segment": "Previously Active Listeners"
  },
  {
    "artistName": "Akon",
    "segment": "Previously Active Listeners"
  },
  {
    "artistName": "Mohammed Aziz",
    "segment": "Previously Active Listeners"
  },
  {
    "artistName": "Sneha Khanwalkar",
    "segment": "Previously Active Listeners"
  },
  {
    "artistName": "Santhosh Narayanan",
    "segment": "Moderate listeners"
  },
  {
    "artistName": "Gobinda Chandra",
    "segment": "Previously Active Listeners"
  },
  {
    "artistName": "S. D. Burman",
    "segment": "Previously Active Listeners"
  },
  {
    "artistName": "Kshitij Patwardhan",
    "segment": "Previously Active Listeners"
  },
  {
    "artistName": "Paal Dabba",
    "segment": "Light listeners"
  },
  {
    "artistName": "Bombay Rockers",
    "segment": "Previously Active Listeners"
  },
  {
    "artistName": "Kishore Kumar",
    "segment": "Previously Active Listeners"
  },
  {
    "artistName": "Taniskaa Sanghvi",
    "segment": "Previously Active Listeners"
  },
  {
    "artistName": "Benny Dayal",
    "segment": "Previously Active Listeners"
  },
  {
    "artistName": "Paresh Kamath",
    "segment": "Previously Active Listeners"
  },
  {
    "artistName": "Amitabh Bachchan",
    "segment": "Previously Active Listeners"
  },
  {
    "artistName": "Rakshita Suresh",
    "segment": "Previously Active Listeners"
  },
  {
    "artistName": "Saleem",
    "segment": "Previously Active Listeners"
  },
  {
    "artistName": "G Gayathri Devi",
    "segment": "Previously Active Listeners"
  },
  {
    "artistName": "Sona Mohapatra",
    "segment": "Previously Active Listeners"
  },
  {
    "artistName": "Shri Bhubana",
    "segment": "Previously Active Listeners"
  },
  {
    "artistName": "Kenzani",
    "segment": "Previously Active Listeners"
  },
  {
    "artistName": "Anchal",
    "segment": "Previously Active Listeners"
  },
  {
    "artistName": "Rokesh",
    "segment": "Previously Active Listeners"
  },
  {
    "artistName": "Anurag Kulkarni",
    "segment": "Previously Active Listeners"
  },
  {
    "artistName": "Yo Yo Honey Singh",
    "segment": "Previously Active Listeners"
  },
  {
    "artistName": "Loy Mendonsa",
    "segment": "Previously Active Listeners"
  },
  {
    "artistName": "S.P. Charan",
    "segment": "Previously Active Listeners"
  },
  {
    "artistName": "Sid Sriram",
    "segment": "Previously Active Listeners"
  },
  {
    "artistName": "Sahithi Chaganti",
    "segment": "Previously Active Listeners"
  },
  {
    "artistName": "Jubin Nautiyal",
    "segment": "Previously Active Listeners"
  },
  {
    "artistName": "Anitha Karthikeyan",
    "segment": "Previously Active Listeners"
  },
  {
    "artistName": "Lata Mangeshkar",
    "segment": "Previously Active Listeners"
  },
  {
    "artistName": "Humane Sagar",
    "segment": "Previously Active Listeners"
  },
  {
    "artistName": "Chinmayi",
    "segment": "Previously Active Listeners"
  },
  {
    "artistName": "Maanya Narang",
    "segment": "Previously Active Listeners"
  },
  {
    "artistName": "Kumaar",
    "segment": "Previously Active Listeners"
  },
  {
    "artistName": "T. M. Soundararajan",
    "segment": "Previously Active Listeners"
  },
  {
    "artistName": "Call",
    "segment": "Previously Active Listeners"
  },
  {
    "artistName": "Rahul Mishra",
    "segment": "Previously Active Listeners"
  },
  {
    "artistName": "Keerthi Sagathia",
    "segment": "Previously Active Listeners"
  },
  {
    "artistName": "Geeta Dutt",
    "segment": "Previously Active Listeners"
  },
  {
    "artistName": "Saketh Komanduri",
    "segment": "Previously Active Listeners"
  },
  {
    "artistName": "Govind Vasantha",
    "segment": "Previously Active Listeners"
  },
  {
    "artistName": "Karthik Rao",
    "segment": "Previously Active Listeners"
  },
  {
    "artistName": "Sachet Tandon",
    "segment": "Previously Active Listeners"
  },
  {
    "artistName": "Sukhwinder Singh",
    "segment": "Previously Active Listeners"
  },
  {
    "artistName": "Badshah",
    "segment": "Previously Active Listeners"
  },
  {
    "artistName": "Jagjit Singh",
    "segment": "Previously Active Listeners"
  },
  {
    "artistName": "Shamur",
    "segment": "Previously Active Listeners"
  },
  {
    "artistName": "Kavita Krishnamurthy",
    "segment": "Previously Active Listeners"
  },
  {
    "artistName": "Sanjoy",
    "segment": "Previously Active Listeners"
  },
  {
    "artistName": "Amit Mishra",
    "segment": "Previously Active Listeners"
  },
  {
    "artistName": "Rita Thyagarajan",
    "segment": "Previously Active Listeners"
  },
  {
    "artistName": "Thalapathy Vijay",
    "segment": "Previously Active Listeners"
  },
  {
    "artistName": "Shankar Mahadevan, Kalpana",
    "segment": "Previously Active Listeners"
  },
  {
    "artistName": "Vikram Pitty",
    "segment": "Previously Active Listeners"
  },
  {
    "artistName": "Geet Sagar",
    "segment": "Previously Active Listeners"
  },
  {
    "artistName": "Vaibhav Bundhoo",
    "segment": "Previously Active Listeners"
  },
  {
    "artistName": "Ram Miriyala",
    "segment": "Previously Active Listeners"
  },
  {
    "artistName": "Sanchit Balhara",
    "segment": "Previously Active Listeners"
  },
  {
    "artistName": "Mika Singh",
    "segment": "Previously Active Listeners"
  },
  {
    "artistName": "Vijay Aurs",
    "segment": "Previously Active Listeners"
  },
  {
    "artistName": "Shankar Mahadevan, Prudhvi Chandhra, Thaman S",
    "segment": "Previously Active Listeners"
  },
  {
    "artistName": "Vagu Mazan",
    "segment": "Previously Active Listeners"
  },
  {
    "artistName": "Mohan Kannan",
    "segment": "Previously Active Listeners"
  },
  {
    "artistName": "Harika Narayan",
    "segment": "Previously Active Listeners"
  },
  {
    "artistName": "Farhad Bhiwandiwala",
    "segment": "Previously Active Listeners"
  },
  {
    "artistName": "Raja Kumari",
    "segment": "Previously Active Listeners"
  },
  {
    "artistName": "Karunya",
    "segment": "Previously Active Listeners"
  },
  {
    "artistName": "Chiranjeevi, K.K",
    "segment": "Previously Active Listeners"
  },
  {
    "artistName": "A.U. Navin Krubhakar",
    "segment": "Previously Active Listeners"
  },
  {
    "artistName": "Lakhwinder Wadali",
    "segment": "Previously Active Listeners"
  },
  {
    "artistName": "Noel James",
    "segment": "Previously Active Listeners"
  },
  {
    "artistName": "Rajesh Gupta",
    "segment": "Previously Active Listeners"
  },
  {
    "artistName": "Raj Shekhar",
    "segment": "Previously Active Listeners"
  },
  {
    "artistName": "Deva",
    "segment": "Previously Active Listeners"
  },
  {
    "artistName": "Shabab Sabri",
    "segment": "Previously Active Listeners"
  },
  {
    "artistName": "Shaan",
    "segment": "Previously Active Listeners"
  },
  {
    "artistName": "Ehsaan",
    "segment": "Previously Active Listeners"
  },
  {
    "artistName": "Anuradha Sriram",
    "segment": "Previously Active Listeners"
  },
  {
    "artistName": "Nadeem Shravan",
    "segment": "Previously Active Listeners"
  },
  {
    "artistName": "Kanishk Seth",
    "segment": "Previously Active Listeners"
  },
  {
    "artistName": "Shruti Haasan",
    "segment": "Previously Active Listeners"
  },
  {
    "artistName": "Sachin-Jigar",
    "segment": "Previously Active Listeners"
  },
  {
    "artistName": "Clinton Cerejo",
    "segment": "Previously Active Listeners"
  },
  {
    "artistName": "N.R. Raghunanthan",
    "segment": "Previously Active Listeners"
  },
  {
    "artistName": "Hariharan",
    "segment": "Previously Active Listeners"
  },
  {
    "artistName": "Lokesh",
    "segment": "Previously Active Listeners"
  },
  {
    "artistName": "Ananya Bhat",
    "segment": "Previously Active Listeners"
  },
  {
    "artistName": "Madan Mohan",
    "segment": "Previously Active Listeners"
  },
  {
    "artistName": "Pooja Tiwari",
    "segment": "Previously Active Listeners"
  },
  {
    "artistName": "Chaitanya Prasad",
    "segment": "Previously Active Listeners"
  },
  {
    "artistName": "Harshit Saxena",
    "segment": "Previously Active Listeners"
  },
  {
    "artistName": "Bhushan Dua",
    "segment": "Previously Active Listeners"
  },
  {
    "artistName": "Ilaiyaraaja,Ramya NSK,Vandhana Srinivasan",
    "segment": "Previously Active Listeners"
  },
  {
    "artistName": "Shashwat Singh",
    "segment": "Previously Active Listeners"
  },
  {
    "artistName": "Hesham Abdul Wahab",
    "segment": "Previously Active Listeners"
  },
  {
    "artistName": "Hiphop Tamizha",
    "segment": "Previously Active Listeners"
  },
  {
    "artistName": "Daler Mehndi",
    "segment": "Previously Active Listeners"
  },
  {
    "artistName": "Mohan Krishna",
    "segment": "Previously Active Listeners"
  },
  {
    "artistName": "Niranjana Ramanan",
    "segment": "Previously Active Listeners"
  },
  {
    "artistName": "Hanif Shaikh",
    "segment": "Previously Active Listeners"
  },
  {
    "artistName": "Bhuvan Bam",
    "segment": "Previously Active Listeners"
  },
  {
    "artistName": "Anand",
    "segment": "Previously Active Listeners"
  },
  {
    "artistName": "Kalyanji-Anandji",
    "segment": "Previously Active Listeners"
  },
  {
    "artistName": "Shivam Mahadevan",
    "segment": "Previously Active Listeners"
  },
  {
    "artistName": "Rochak Kohli",
    "segment": "Previously Active Listeners"
  },
  {
    "artistName": "Malavika",
    "segment": "Previously Active Listeners"
  },
  {
    "artistName": "Suraj Jagan",
    "segment": "Previously Active Listeners"
  },
  {
    "artistName": "Ranjith Govind",
    "segment": "Previously Active Listeners"
  },
  {
    "artistName": "Romy",
    "segment": "Previously Active Listeners"
  },
  {
    "artistName": "Raghuram",
    "segment": "Previously Active Listeners"
  },
  {
    "artistName": "Anwar Hussain",
    "segment": "Previously Active Listeners"
  },
  {
    "artistName": "Suresh Peters",
    "segment": "Previously Active Listeners"
  },
  {
    "artistName": "Wadali Brothers",
    "segment": "Previously Active Listeners"
  },
  {
    "artistName": "Balraj Jagadeesh Kumar",
    "segment": "Previously Active Listeners"
  },
  {
    "artistName": "Maran",
    "segment": "Previously Active Listeners"
  },
  {
    "artistName": "Sujatha",
    "segment": "Previously Active Listeners"
  },
  {
    "artistName": "Harish Raghavendra",
    "segment": "Previously Active Listeners"
  },
  {
    "artistName": "Hanumankind",
    "segment": "Previously Active Listeners"
  },
  {
    "artistName": "Wajid",
    "segment": "Previously Active Listeners"
  },
  {
    "artistName": "Akshay Verma",
    "segment": "Previously Active Listeners"
  },
  {
    "artistName": "Manhar",
    "segment": "Previously Active Listeners"
  },
  {
    "artistName": "Vignesh R",
    "segment": "Previously Active Listeners"
  },
  {
    "artistName": "Riya Duggal",
    "segment": "Previously Active Listeners"
  },
  {
    "artistName": "Kapil Kapilan",
    "segment": "Previously Active Listeners"
  },
  {
    "artistName": "Mohan Kannan",
    "segment": "Previously Active Listeners"
  },
  {
    "artistName": "Vishal Chandrashekhar",
    "segment": "Previously Active Listeners"
  },
  {
    "artistName": "Jyoti Nooran",
    "segment": "Previously Active Listeners"
  },
  {
    "artistName": "G. V. Prakash",
    "segment": "Previously Active Listeners"
  },
  {
    "artistName": "Rahul Nambiar",
    "segment": "Previously Active Listeners"
  },
  {
    "artistName": "Ajey Nagar (CarryMinati)",
    "segment": "Previously Active Listeners"
  },
  {
    "artistName": "Gana Balachanda",
    "segment": "Previously Active Listeners"
  },
  {
    "artistName": "Rajesh Roshan",
    "segment": "Previously Active Listeners"
  },
  {
    "artistName": "Tha Prophecy",
    "segment": "Previously Active Listeners"
  },
  {
    "artistName": "Hemant Kumar",
    "segment": "Previously Active Listeners"
  },
  {
    "artistName": "Stebin Ben",
    "segment": "Previously Active Listeners"
  },
  {
    "artistName": "Piyush Mishra",
    "segment": "Previously Active Listeners"
  },
  {
    "artistName": "Aditi Shankar",
    "segment": "Previously Active Listeners"
  },
  {
    "artistName": "Kailash Kher",
    "segment": "Previously Active Listeners"
  },
  {
    "artistName": "Sanjana Kalmanje",
    "segment": "Previously Active Listeners"
  },
  {
    "artistName": "Mahesh Babu, Puri Jagannath, Chours",
    "segment": "Previously Active Listeners"
  },
  {
    "artistName": "R. D. Burman",
    "segment": "Previously Active Listeners"
  },
  {
    "artistName": "Tanvi Shah",
    "segment": "Previously Active Listeners"
  },
  {
    "artistName": "M. S. Subbulakshmi",
    "segment": "Previously Active Listeners"
  },
  {
    "artistName": "Varun Grover",
    "segment": "Previously Active Listeners"
  },
  {
    "artistName": "Mandar Cholkar",
    "segment": "Previously Active Listeners"
  },
  {
    "artistName": "Suresh Wadkar",
    "segment": "Previously Active Listeners"
  },
  {
    "artistName": "Sayonara",
    "segment": "Previously Active Listeners"
  },
  {
    "artistName": "Rashmeet Kaur",
    "segment": "Previously Active Listeners"
  },
  {
    "artistName": "Abhay Jodhpurkar",
    "segment": "Previously Active Listeners"
  },
  {
    "artistName": "Vishal Khurana",
    "segment": "Previously Active Listeners"
  },
  {
    "artistName": "Meet Bros Anjjan",
    "segment": "Previously Active Listeners"
  },
  {
    "artistName": "Zubeen Garg",
    "segment": "Previously Active Listeners"
  },
  {
    "artistName": "Raqueeb Alam",
    "segment": "Previously Active Listeners"
  },
  {
    "artistName": "JAWNY",
    "segment": "Previously Active Listeners"
  },
  {
    "artistName": "Chitra Singh",
    "segment": "Previously Active Listeners"
  },
  {
    "artistName": "Shankar - Ganesh",
    "segment": "Previously Active Listeners"
  },
  {
    "artistName": "D. Imman",
    "segment": "Previously Active Listeners"
  },
  {
    "artistName": "Vishal Dadlani",
    "segment": "Previously Active Listeners"
  },
  {
    "artistName": "Abhishek Chaithra Soman",
    "segment": "Previously Active Listeners"
  },
  {
    "artistName": "Alice Merton",
    "segment": "Previously Active Listeners"
  },
  {
    "artistName": "Riar Saab",
    "segment": "Previously Active Listeners"
  },
  {
    "artistName": "Gminxr",
    "segment": "Previously Active Listeners"
  },
  {
    "artistName": "Vijay Prakash",
    "segment": "Previously Active Listeners"
  },
  {
    "artistName": "Vee",
    "segment": "Previously Active Listeners"
  },
  {
    "artistName": "Shahul Hameed",
    "segment": "Previously Active Listeners"
  },
  {
    "artistName": "Ramesh Vinayakam",
    "segment": "Previously Active Listeners"
  },
  {
    "artistName": "Asha Bhosle",
    "segment": "Previously Active Listeners"
  },
  {
    "artistName": "Tech Panda",
    "segment": "Previously Active Listeners"
  },
  {
    "artistName": "Atif Aslam",
    "segment": "Previously Active Listeners"
  },
  {
    "artistName": "Amaal Mallik",
    "segment": "Previously Active Listeners"
  },
  {
    "artistName": "Haricharan",
    "segment": "Previously Active Listeners"
  },
  {
    "artistName": "Pratyusha Pallapothula",
    "segment": "Previously Active Listeners"
  },
  {
    "artistName": "Chiranjeevi",
    "segment": "Previously Active Listeners"
  },
  {
    "artistName": "Shae Gill",
    "segment": "Previously Active Listeners"
  },
  {
    "artistName": "Naresh Iyer",
    "segment": "Previously Active Listeners"
  },
  {
    "artistName": "Javed Akhtar",
    "segment": "Previously Active Listeners"
  },
  {
    "artistName": "Sapan Chakraborty",
    "segment": "Previously Active Listeners"
  },
  {
    "artistName": "Pamela Chopra",
    "segment": "Previously Active Listeners"
  },
  {
    "artistName": "Bela Shende",
    "segment": "Previously Active Listeners"
  },
  {
    "artistName": "Senbagaraj",
    "segment": "Previously Active Listeners"
  },
  {
    "artistName": "Shinda Kahlon",
    "segment": "Previously Active Listeners"
  },
  {
    "artistName": "Dhanunjay Seepana",
    "segment": "Previously Active Listeners"
  },
  {
    "artistName": "Yazin Nizar",
    "segment": "Previously Active Listeners"
  },
  {
    "artistName": "DIVINE",
    "segment": "Previously Active Listeners"
  },
  {
    "artistName": "Delraaz Bunshah",
    "segment": "Previously Active Listeners"
  },
  {
    "artistName": "Ayushmann Khurrana",
    "segment": "Previously Active Listeners"
  },
  {
    "artistName": "Ravindra Jain",
    "segment": "Previously Active Listeners"
  },
  {
    "artistName": "Neeti Mohan",
    "segment": "Previously Active Listeners"
  },
  {
    "artistName": "Imagine Dragons",
    "segment": "Previously Active Listeners"
  },
  {
    "artistName": "Inno Genga",
    "segment": "Previously Active Listeners"
  },
  {
    "artistName": "Mithoon",
    "segment": "Previously Active Listeners"
  },
  {
    "artistName": "Prabh Singh",
    "segment": "Previously Active Listeners"
  },
  {
    "artistName": "Vivek",
    "segment": "Previously Active Listeners"
  },
  {
    "artistName": "Simiran Kaur Dhadli",
    "segment": "Previously Active Listeners"
  },
  {
    "artistName": "Shankar",
    "segment": "Previously Active Listeners"
  },
  {
    "artistName": "Andrea Jeremiah",
    "segment": "Previously Active Listeners"
  },
  {
    "artistName": "Vaaisan",
    "segment": "Previously Active Listeners"
  },
  {
    "artistName": "Revanth",
    "segment": "Previously Active Listeners"
  },
  {
    "artistName": "Raam Laxman",
    "segment": "Previously Active Listeners"
  },
  {
    "artistName": "Alfred Juwin",
    "segment": "Previously Active Listeners"
  },
  {
    "artistName": "Jaspreet Jasz",
    "segment": "Previously Active Listeners"
  },
  {
    "artistName": "Koushik",
    "segment": "Previously Active Listeners"
  },
  {
    "artistName": "Laxmikant–Pyarelal",
    "segment": "Previously Active Listeners"
  },
  {
    "artistName": "Artist Page Redirect Cleanup 2023",
    "segment": "Previously Active Listeners"
  },
  {
    "artistName": "Ankit Balhara",
    "segment": "Previously Active Listeners"
  },
  {
    "artistName": "Radhan",
    "segment": "Previously Active Listeners"
  },
  {
    "artistName": "Shabareesh Varma",
    "segment": "Previously Active Listeners"
  },
  {
    "artistName": "Sandesh Datta Naik",
    "segment": "Previously Active Listeners"
  },
  {
    "artistName": "Prem Anand",
    "segment": "Previously Active Listeners"
  },
  {
    "artistName": "VM Mahalingam",
    "segment": "Previously Active Listeners"
  },
  {
    "artistName": "Baba Sehgal",
    "segment": "Previously Active Listeners"
  },
  {
    "artistName": "Malaysia Vasudevan",
    "segment": "Previously Active Listeners"
  },
  {
    "artistName": "Jyotica Tangri",
    "segment": "Previously Active Listeners"
  },
  {
    "artistName": "Kamal Eleven",
    "segment": "Previously Active Listeners"
  },
  {
    "artistName": "Sundar C. Babu",
    "segment": "Previously Active Listeners"
  },
  {
    "artistName": "Harrdy Sandhu",
    "segment": "Previously Active Listeners"
  },
  {
    "artistName": "Emcee Jesz",
    "segment": "Previously Active Listeners"
  },
  {
    "artistName": "Sathyaprakash",
    "segment": "Previously Active Listeners"
  },
  {
    "artistName": "Sri Soumya Varanasi",
    "segment": "Previously Active Listeners"
  },
  {
    "artistName": "Vishal-Shekhar",
    "segment": "Previously Active Listeners"
  },
  {
    "artistName": "Rashmi Virag",
    "segment": "Previously Active Listeners"
  },
  {
    "artistName": "Rahgir",
    "segment": "Previously Active Listeners"
  },
  {
    "artistName": "Nibedita",
    "segment": "Previously Active Listeners"
  },
  {
    "artistName": "Magdalena Supel",
    "segment": "Previously Active Listeners"
  },
  {
    "artistName": "Abhijit Vaghani",
    "segment": "Previously Active Listeners"
  },
  {
    "artistName": "Nithyasree Mahadevan",
    "segment": "Previously Active Listeners"
  },
  {
    "artistName": "Vairamuthu",
    "segment": "Previously Active Listeners"
  },
  {
    "artistName": "Artist Page Redirect Cleanup 2023",
    "segment": "Previously Active Listeners"
  },
  {
    "artistName": "Bjorn Surrao",
    "segment": "Previously Active Listeners"
  },
  {
    "artistName": "Sunidhi Chauhan",
    "segment": "Previously Active Listeners"
  },
  {
    "artistName": "Sathya.C",
    "segment": "Previously Active Listeners"
  },
  {
    "artistName": "Shah Rukh Khan",
    "segment": "Previously Active Listeners"
  },
  {
    "artistName": "Guru Randhawa",
    "segment": "Previously Active Listeners"
  },
  {
    "artistName": "Stephen Devassy",
    "segment": "Previously Active Listeners"
  },
  {
    "artistName": "Roop Kumar Rathod",
    "segment": "Previously Active Listeners"
  },
  {
    "artistName": "Pradeep Ranganathan",
    "segment": "Previously Active Listeners"
  },
  {
    "artistName": "Poornima",
    "segment": "Previously Active Listeners"
  },
  {
    "artistName": "Mathichiyam Bala",
    "segment": "Previously Active Listeners"
  },
  {
    "artistName": "M. Sounderarajan",
    "segment": "Previously Active Listeners"
  },
  {
    "artistName": "Anthony Daasan",
    "segment": "Previously Active Listeners"
  },
  {
    "artistName": "Shabbir Kumar",
    "segment": "Previously Active Listeners"
  },
  {
    "artistName": "Aaryan Dinesh Kanagaratnam",
    "segment": "Previously Active Listeners"
  },
  {
    "artistName": "L Venkataramanan",
    "segment": "Previously Active Listeners"
  },
  {
    "artistName": "Ritesh G Rao",
    "segment": "Previously Active Listeners"
  },
  {
    "artistName": "Tulsi Kumar",
    "segment": "Previously Active Listeners"
  },
  {
    "artistName": "Sapna Mukherjee",
    "segment": "Previously Active Listeners"
  },
  {
    "artistName": "Sadhana Sargam",
    "segment": "Previously Active Listeners"
  },
  {
    "artistName": "Charu Hariharan",
    "segment": "Previously Active Listeners"
  },
  {
    "artistName": "Priya",
    "segment": "Previously Active Listeners"
  },
  {
    "artistName": "Lumber",
    "segment": "Previously Active Listeners"
  },
  {
    "artistName": "MANOJ TIWARI",
    "segment": "Previously Active Listeners"
  },
  {
    "artistName": "Adnan Sami",
    "segment": "Previously Active Listeners"
  },
  {
    "artistName": "Kavita Seth",
    "segment": "Previously Active Listeners"
  },
  {
    "artistName": "Keezhakarai Samsutheen",
    "segment": "Previously Active Listeners"
  },
  {
    "artistName": "S.K.Mahan",
    "segment": "Previously Active Listeners"
  },
  {
    "artistName": "Maragadhamani",
    "segment": "Previously Active Listeners"
  },
  {
    "artistName": "Bharadwaj",
    "segment": "Previously Active Listeners"
  },
  {
    "artistName": "Mellow D",
    "segment": "Previously Active Listeners"
  },
  {
    "artistName": "Vignesh G.",
    "segment": "Previously Active Listeners"
  },
  {
    "artistName": "Amitabh Bhattacharya",
    "segment": "Previously Active Listeners"
  },
  {
    "artistName": "Sai Charan",
    "segment": "Previously Active Listeners"
  },
  {
    "artistName": "Caralisa Monteiro",
    "segment": "Previously Active Listeners"
  },
  {
    "artistName": "Vinod Rathod",
    "segment": "Previously Active Listeners"
  },
  {
    "artistName": "Jagadish",
    "segment": "Previously Active Listeners"
  },
  {
    "artistName": "Subhasis Mahakud",
    "segment": "Previously Active Listeners"
  },
  {
    "artistName": "Gomathi",
    "segment": "Previously Active Listeners"
  },
  {
    "artistName": "Nikhil Shankar",
    "segment": "Previously Active Listeners"
  },
  {
    "artistName": "Premgi Amaren",
    "segment": "Previously Active Listeners"
  },
  {
    "artistName": "Yogi Sekar",
    "segment": "Previously Active Listeners"
  },
  {
    "artistName": "Deepesh Ak",
    "segment": "Previously Active Listeners"
  },
  {
    "artistName": "Arabinda Muduli",
    "segment": "Previously Active Listeners"
  },
  {
    "artistName": "Dhvani Bhanushali",
    "segment": "Previously Active Listeners"
  },
  {
    "artistName": "Ananta Sriram",
    "segment": "Previously Active Listeners"
  },
  {
    "artistName": "Devi Sri Prasad",
    "segment": "Previously Active Listeners"
  },
  {
    "artistName": "Arpita Chakraborty",
    "segment": "Previously Active Listeners"
  },
  {
    "artistName": "Anand Kurhekar",
    "segment": "Previously Active Listeners"
  },
  {
    "artistName": "Aditya Chopra",
    "segment": "Previously Active Listeners"
  },
  {
    "artistName": "Shafqat Amanat Ali",
    "segment": "Previously Active Listeners"
  },
  {
    "artistName": "Kala Bhairava",
    "segment": "Previously Active Listeners"
  },
  {
    "artistName": "Shankar Mahadevan",
    "segment": "Previously Active Listeners"
  },
  {
    "artistName": "Lil Nas X",
    "segment": "Previously Active Listeners"
  },
  {
    "artistName": "Money Aujla",
    "segment": "Previously Active Listeners"
  },
  {
    "artistName": "Mahendra Kapoor",
    "segment": "Previously Active Listeners"
  },
  {
    "artistName": "Loy",
    "segment": "Previously Active Listeners"
  },
  {
    "artistName": "Robert Bob Omulo",
    "segment": "Previously Active Listeners"
  },
  {
    "artistName": "Gana Balachandar",
    "segment": "Previously Active Listeners"
  },
  {
    "artistName": "Himesh Reshammiya",
    "segment": "Previously Active Listeners"
  },
  {
    "artistName": "Jakes Bejoy",
    "segment": "Previously Active Listeners"
  },
  {
    "artistName": "Kumar Sanu",
    "segment": "Previously Active Listeners"
  },
  {
    "artistName": "Abhijay Sharma",
    "segment": "Previously Active Listeners"
  },
  {
    "artistName": "Brodha V",
    "segment": "Previously Active Listeners"
  },
  {
    "artistName": "Subhasish Mahakud",
    "segment": "Previously Active Listeners"
  },
  {
    "artistName": "Salman Khan",
    "segment": "Previously Active Listeners"
  },
  {
    "artistName": "Udit Narayan",
    "segment": "Previously Active Listeners"
  },
  {
    "artistName": "Coolio",
    "segment": "Previously Active Listeners"
  },
  {
    "artistName": "Lehmber Hussanpuri",
    "segment": "Previously Active Listeners"
  },
  {
    "artistName": "Swarnalatha",
    "segment": "Previously Active Listeners"
  },
  {
    "artistName": "Rishi Kapoor",
    "segment": "Previously Active Listeners"
  },
  {
    "artistName": "Nochipatti Thirumoorthy",
    "segment": "Previously Active Listeners"
  },
  {
    "artistName": "Asees Kaur",
    "segment": "Previously Active Listeners"
  },
  {
    "artistName": "Vishal Mishra",
    "segment": "Previously Active Listeners"
  },
  {
    "artistName": "Sapna",
    "segment": "Previously Active Listeners"
  },
  {
    "artistName": "Suchitra",
    "segment": "Previously Active Listeners"
  },
  {
    "artistName": "Meet Bros.",
    "segment": "Previously Active Listeners"
  },
  {
    "artistName": "Sonu Nigam",
    "segment": "Previously Active Listeners"
  },
  {
    "artistName": "Jayamoorthy",
    "segment": "Previously Active Listeners"
  },
  {
    "artistName": "Thoughtsfornow",
    "segment": "Previously Active Listeners"
  },
  {
    "artistName": "M. S. Rajeswari",
    "segment": "Previously Active Listeners"
  },
  {
    "artistName": "Yuvan Shankar Raja",
    "segment": "Previously Active Listeners"
  },
  {
    "artistName": "Jolly Mukherjee",
    "segment": "Previously Active Listeners"
  },
  {
    "artistName": "Sai Charan",
    "segment": "Previously Active Listeners"
  },
  {
    "artistName": "Viviane",
    "segment": "Previously Active Listeners"
  },
  {
    "artistName": "Various Artists",
    "segment": "Light listeners"
  },
  {
    "artistName": "A.R. Rahman",
    "segment": "Previously Active Listeners"
  },
  {
    "artistName": "Pallavi",
    "segment": "Previously Active Listeners"
  },
  {
    "artistName": "Mohammed Aslam",
    "segment": "Previously Active Listeners"
  },
  {
    "artistName": "Srinivas",
    "segment": "Previously Active Listeners"
  },
  {
    "artistName": "Sivakarthikeyan",
    "segment": "Previously Active Listeners"
  },
  {
    "artistName": "Honey",
    "segment": "Previously Active Listeners"
  },
  {
    "artistName": "P. Susheela",
    "segment": "Previously Active Listeners"
  },
  {
    "artistName": "Madhwesh Bharadwaj",
    "segment": "Previously Active Listeners"
  },
  {
    "artistName": "Dhee",
    "segment": "Light listeners"
  },
  {
    "artistName": "Pradeep Kumar",
    "segment": "Previously Active Listeners"
  },
  {
    "artistName": "Pawan Kalyan",
    "segment": "Previously Active Listeners"
  },
  {
    "artistName": "Raj Shekhar",
    "segment": "Previously Active Listeners"
  },
  {
    "artistName": "M. M. Kreem",
    "segment": "Previously Active Listeners"
  },
  {
    "artistName": "Shashaa Tirupati",
    "segment": "Previously Active Listeners"
  },
  {
    "artistName": "Alka Yagnik",
    "segment": "Previously Active Listeners"
  },
  {
    "artistName": "Nakul Abhyankar",
    "segment": "Previously Active Listeners"
  },
  {
    "artistName": "Viswanathan–Ramamoorthy",
    "segment": "Previously Active Listeners"
  },
  {
    "artistName": "Vishal Bhardwaj",
    "segment": "Previously Active Listeners"
  },
  {
    "artistName": "Diwakar",
    "segment": "Previously Active Listeners"
  },
  {
    "artistName": "Arivu",
    "segment": "Previously Active Listeners"
  },
  {
    "artistName": "Mohammed Irfan",
    "segment": "Previously Active Listeners"
  },
  {
    "artistName": "IP Singh",
    "segment": "Previously Active Listeners"
  },
  {
    "artistName": "Sangeeth halthipur",
    "segment": "Previously Active Listeners"
  },
  {
    "artistName": "R. Shruti",
    "segment": "Previously Active Listeners"
  },
  {
    "artistName": "VV Prassanna",
    "segment": "Light listeners"
  },
  {
    "artistName": "Intense",
    "segment": "Previously Active Listeners"
  },
  {
    "artistName": "Santhosh",
    "segment": "Previously Active Listeners"
  },
  {
    "artistName": "Gulzar",
    "segment": "Previously Active Listeners"
  },
  {
    "artistName": "Prudhvi Chandhra",
    "segment": "Previously Active Listeners"
  },
  {
    "artistName": "Nikhita Gandhi",
    "segment": "Previously Active Listeners"
  },
  {
    "artistName": "Mose",
    "segment": "Moderate listeners"
  },
  {
    "artistName": "Mani Sharma",
    "segment": "Previously Active Listeners"
  },
  {
    "artistName": "Adarsh Shinde",
    "segment": "Previously Active Listeners"
  },
  {
    "artistName": "Jay Trak",
    "segment": "Previously Active Listeners"
  },
  {
    "artistName": "Vishal",
    "segment": "Previously Active Listeners"
  },
  {
    "artistName": "Ravi Basrur",
    "segment": "Previously Active Listeners"
  },
  {
    "artistName": "Chethan Naik",
    "segment": "Previously Active Listeners"
  },
  {
    "artistName": "Shreya Ghoshal",
    "segment": "Previously Active Listeners"
  },
  {
    "artistName": "Pankaj Mitra",
    "segment": "Previously Active Listeners"
  },
  {
    "artistName": "Abhijit Majumdar",
    "segment": "Previously Active Listeners"
  },
  {
    "artistName": "Binni Krishnakumar",
    "segment": "Previously Active Listeners"
  },
  {
    "artistName": "Anu Malik",
    "segment": "Previously Active Listeners"
  },
  {
    "artistName": "Keerthana Sharma",
    "segment": "Previously Active Listeners"
  },
  {
    "artistName": "Armaan Malik",
    "segment": "Previously Active Listeners"
  },
  {
    "artistName": "Velmurugan",
    "segment": "Previously Active Listeners"
  },
  {
    "artistName": "Javed Ali",
    "segment": "Previously Active Listeners"
  },
  {
    "artistName": "Thaman S",
    "segment": "Previously Active Listeners"
  },
  {
    "artistName": "Joe Paul",
    "segment": "Previously Active Listeners"
  },
  {
    "artistName": "G. Mart",
    "segment": "Previously Active Listeners"
  },
  {
    "artistName": "Kit Bee",
    "segment": "Previously Active Listeners"
  },
  {
    "artistName": "Naveen Madhav",
    "segment": "Previously Active Listeners"
  },
  {
    "artistName": "B. Ajaneesh Loknath",
    "segment": "Previously Active Listeners"
  },
  {
    "artistName": "Palak Muchhal",
    "segment": "Previously Active Listeners"
  },
  {
    "artistName": "Manna Dey",
    "segment": "Previously Active Listeners"
  },
  {
    "artistName": "Vikram Montrose",
    "segment": "Previously Active Listeners"
  },
  {
    "artistName": "Claire",
    "segment": "Previously Active Listeners"
  },
  {
    "artistName": "Ananthakrrishnan",
    "segment": "Previously Active Listeners"
  },
  {
    "artistName": "Shakira",
    "segment": "Previously Active Listeners"
  },
  {
    "artistName": "Master Saleem",
    "segment": "Previously Active Listeners"
  },
  {
    "artistName": "Savitha Reddy",
    "segment": "Previously Active Listeners"
  },
  {
    "artistName": "Munawar Masoom",
    "segment": "Previously Active Listeners"
  },
  {
    "artistName": "Swastik Mishra",
    "segment": "Previously Active Listeners"
  },
  {
    "artistName": "Nayana Nair",
    "segment": "Previously Active Listeners"
  },
  {
    "artistName": "Brijesh Shandilya",
    "segment": "Previously Active Listeners"
  },
  {
    "artistName": "Jency",
    "segment": "Previously Active Listeners"
  },
  {
    "artistName": "K. J. Yesudas",
    "segment": "Previously Active Listeners"
  },
  {
    "artistName": "Blaaze",
    "segment": "Previously Active Listeners"
  },
  {
    "artistName": "Manish J. Tipu",
    "segment": "Previously Active Listeners"
  },
  {
    "artistName": "Am'nico",
    "segment": "Previously Active Listeners"
  },
  {
    "artistName": "Shenbagaraj",
    "segment": "Previously Active Listeners"
  },
  {
    "artistName": "Deep Money",
    "segment": "Previously Active Listeners"
  },
  {
    "artistName": "Sajid-Wajid",
    "segment": "Previously Active Listeners"
  },
  {
    "artistName": "Super Subu",
    "segment": "Previously Active Listeners"
  },
  {
    "artistName": "Nakash Aziz",
    "segment": "Previously Active Listeners"
  },
  {
    "artistName": "Shilpa Rao",
    "segment": "Previously Active Listeners"
  },
  {
    "artistName": "Mohit Chauhan",
    "segment": "Previously Active Listeners"
  },
  {
    "artistName": "Mohammed Rafi",
    "segment": "Previously Active Listeners"
  },
  {
    "artistName": "Saim Bhat",
    "segment": "Previously Active Listeners"
  },
  {
    "artistName": "Abhishek Nehwal",
    "segment": "Previously Active Listeners"
  },
  {
    "artistName": "Parampara Tandon",
    "segment": "Previously Active Listeners"
  },
  {
    "artistName": "Kuldeep Singh",
    "segment": "Previously Active Listeners"
  },
  {
    "artistName": "Sinduri Vishal",
    "segment": "Previously Active Listeners"
  },
  {
    "artistName": "Sartaz Khan Barna",
    "segment": "Previously Active Listeners"
  },
  {
    "artistName": "Bhikhari Bala",
    "segment": "Previously Active Listeners"
  },
  {
    "artistName": "Shankar-Ehsaan-Loy",
    "segment": "Previously Active Listeners"
  },
  {
    "artistName": "Roll Rida",
    "segment": "Previously Active Listeners"
  },
  {
    "artistName": "Mehboob",
    "segment": "Previously Active Listeners"
  },
  {
    "artistName": "Sarwar Khan",
    "segment": "Previously Active Listeners"
  },
  {
    "artistName": "Karthik",
    "segment": "Moderate listeners"
  },
  {
    "artistName": "Chandana Bala Kalyan",
    "segment": "Previously Active Listeners"
  },
  {
    "artistName": "H.S. Srinivasa Murthy",
    "segment": "Previously Active Listeners"
  },
  {
    "artistName": "Dr. Burn Mc.jazz",
    "segment": "Previously Active Listeners"
  },
  {
    "artistName": "Mickey J. Meyer",
    "segment": "Previously Active Listeners"
  },
  {
    "artistName": "Asal Kolaar",
    "segment": "Previously Active Listeners"
  },
  {
    "artistName": "Kay Kay",
    "segment": "Previously Active Listeners"
  },
  {
    "artistName": "Srinidhi",
    "segment": "Previously Active Listeners"
  },
  {
    "artistName": "Anuradha Paudwal",
    "segment": "Previously Active Listeners"
  },
  {
    "artistName": "Rusha & Blizza",
    "segment": "Previously Active Listeners"
  },
  {
    "artistName": "Sam C.S.",
    "segment": "Previously Active Listeners"
  },
  {
    "artistName": "Mano",
    "segment": "Previously Active Listeners"
  },
  {
    "artistName": "Vaikom Vijayalakshmi",
    "segment": "Previously Active Listeners"
  },
  {
    "artistName": "Tanishk Bagchi",
    "segment": "Previously Active Listeners"
  },
  {
    "artistName": "Rita Thyagarajan",
    "segment": "Previously Active Listeners"
  },
  {
    "artistName": "Anirudh Ravichander",
    "segment": "Previously Active Listeners"
  },
  {
    "artistName": "Punit Singh",
    "segment": "Previously Active Listeners"
  },
  {
    "artistName": "S. P. Balasubrahmanyam",
    "segment": "Previously Active Listeners"
  },
  {
    "artistName": "Artist Page Redirect Cleanup 2023",
    "segment": "Previously Active Listeners"
  },
  {
    "artistName": "Jay Krish",
    "segment": "Previously Active Listeners"
  },
  {
    "artistName": "Rajesh Murugesan",
    "segment": "Previously Active Listeners"
  },
  {
    "artistName": "Arijit Singh",
    "segment": "Previously Active Listeners"
  },
  {
    "artistName": "Justin Prabhakaran",
    "segment": "Previously Active Listeners"
  },
  {
    "artistName": "R. Sudarsanam",
    "segment": "Previously Active Listeners"
  },
  {
    "artistName": "Parupalli Ranganath",
    "segment": "Previously Active Listeners"
  },
  {
    "artistName": "Sachet-Parampara",
    "segment": "Previously Active Listeners"
  },
  {
    "artistName": "M. M. Keeravani",
    "segment": "Previously Active Listeners"
  },
  {
    "artistName": "Boney M.",
    "segment": "Previously Active Listeners"
  },
  {
    "artistName": "Alisha Chinai",
    "segment": "Previously Active Listeners"
  },
  {
    "artistName": "Amjad Bagadwa",
    "segment": "Previously Active Listeners"
  },
  {
    "artistName": "Aalaap Raju",
    "segment": "Previously Active Listeners"
  },
  {
    "artistName": "FIFTY FIFTY",
    "segment": "Previously Active Listeners"
  },
  {
    "artistName": "Ram Sampath",
    "segment": "Previously Active Listeners"
  },
  {
    "artistName": "Qadir Khan",
    "segment": "Previously Active Listeners"
  },
  {
    "artistName": "Vivek",
    "segment": "Previously Active Listeners"
  },
  {
    "artistName": "Renjith Unni",
    "segment": "Previously Active Listeners"
  },
  {
    "artistName": "Rap by Jaspreet Jasz",
    "segment": "Previously Active Listeners"
  },
  {
    "artistName": "Gurinder Gill",
    "segment": "Previously Active Listeners"
  },
  {
    "artistName": "Bunty R Samal",
    "segment": "Previously Active Listeners"
  },
  {
    "artistName": "Rap-Cizzy",
    "segment": "Previously Active Listeners"
  },
  {
    "artistName": "Abhishek",
    "segment": "Previously Active Listeners"
  },
  {
    "artistName": "Travis King",
    "segment": "Previously Active Listeners"
  },
  {
    "artistName": "Prithvi Chandhra",
    "segment": "Previously Active Listeners"
  },
  {
    "artistName": "Devan Ekambaram",
    "segment": "Previously Active Listeners"
  },
  {
    "artistName": "Niladri Kumar",
    "segment": "Previously Active Listeners"
  },
  {
    "artistName": "Shilpa",
    "segment": "Previously Active Listeners"
  },
  {
    "artistName": "Siddharth Mahadevan",
    "segment": "Previously Active Listeners"
  },
  {
    "artistName": "Amit Kumar",
    "segment": "Previously Active Listeners"
  },
  {
    "artistName": "Darbuka Siva",
    "segment": "Previously Active Listeners"
  },
  {
    "artistName": "DJ Marcelo",
    "segment": "Previously Active Listeners"
  },
  {
    "artistName": "Lavanya Sundararaman",
    "segment": "Previously Active Listeners"
  },
  {
    "artistName": "Shiv Hari",
    "segment": "Previously Active Listeners"
  },
  {
    "artistName": "Hemachandra Vedala",
    "segment": "Previously Active Listeners"
  },
  {
    "artistName": "Ali Zafar",
    "segment": "Previously Active Listeners"
  },
  {
    "artistName": "Rahul Sipligunj",
    "segment": "Previously Active Listeners"
  },
  {
    "artistName": "Ilaiyaraaja",
    "segment": "Previously Active Listeners"
  },
  {
    "artistName": "Dhanush",
    "segment": "Previously Active Listeners"
  },
  {
    "artistName": "Shuba",
    "segment": "Previously Active Listeners"
  },
  {
    "artistName": "James",
    "segment": "Previously Active Listeners"
  },
  {
    "artistName": "AP Dhillon",
    "segment": "Previously Active Listeners"
  },
  {
    "artistName": "Mark Thomas",
    "segment": "Previously Active Listeners"
  },
  {
    "artistName": "Bharath Sankar",
    "segment": "Previously Active Listeners"
  },
  {
    "artistName": "Viju Shah",
    "segment": "Previously Active Listeners"
  },
  {
    "artistName": "Roshan Jamrock",
    "segment": "Previously Active Listeners"
  },
  {
    "artistName": "Prudhvi Chandra",
    "segment": "Previously Active Listeners"
  },
  {
    "artistName": "S.P. Pallavi",
    "segment": "Previously Active Listeners"
  },
  {
    "artistName": "Rishi Kumar",
    "segment": "Previously Active Listeners"
  },
  {
    "artistName": "Madhura Dhara Talluri",
    "segment": "Previously Active Listeners"
  },
  {
    "artistName": "Akshay The One",
    "segment": "Previously Active Listeners"
  },
  {
    "artistName": "Jatin-Lalit",
    "segment": "Previously Active Listeners"
  },
  {
    "artistName": "Harris Jayaraj",
    "segment": "Moderate listeners"
  },
  {
    "artistName": "Mahalakshmi Iyer",
    "segment": "Previously Active Listeners"
  },
  {
    "artistName": "Ali Sethi",
    "segment": "Previously Active Listeners"
  },
  {
    "artistName": "S. Janaki",
    "segment": "Previously Active Listeners"
  },
  {
    "artistName": "Naresh Kamath",
    "segment": "Previously Active Listeners"
  },
  {
    "artistName": "Ankit Tiwari",
    "segment": "Previously Active Listeners"
  },
  {
    "artistName": "Mukesh Mohamed",
    "segment": "Previously Active Listeners"
  },
  {
    "artistName": "Parupalli Sri Ranganath",
    "segment": "Previously Active Listeners"
  },
  {
    "artistName": "Chithra Priya",
    "segment": "Previously Active Listeners"
  },
  {
    "artistName": "Vidyasagar",
    "segment": "Previously Active Listeners"
  },
  {
    "artistName": "Arunraja Kamaraj",
    "segment": "Previously Active Listeners"
  },
  {
    "artistName": "B Praak",
    "segment": "Previously Active Listeners"
  },
  {
    "artistName": "Bashermax",
    "segment": "Previously Active Listeners"
  },
  {
    "artistName": "Manan Bhardwaj",
    "segment": "Previously Active Listeners"
  },
  {
    "artistName": "Arun Raja",
    "segment": "Moderate listeners"
  },
  {
    "artistName": "Sri Krishna",
    "segment": "Previously Active Listeners"
  },
  {
    "artistName": "One Direction",
    "segment": "Previously Active Listeners"
  },
  {
    "artistName": "M. S. Viswanathan",
    "segment": "Previously Active Listeners"
  },
  {
    "artistName": "Sanjay Leela Bhansali",
    "segment": "Previously Active Listeners"
  },
  {
    "artistName": "M. G. Sreekumar",
    "segment": "Previously Active Listeners"
  },
  {
    "artistName": "Sivam",
    "segment": "Previously Active Listeners"
  },
  {
    "artistName": "Tippu",
    "segment": "Previously Active Listeners"
  },
  {
    "artistName": "Rabbi Shergill",
    "segment": "Previously Active Listeners"
  },
  {
    "artistName": "Neeraj Shridhar",
    "segment": "Previously Active Listeners"
  },
  {
    "artistName": "Murtuza Khan",
    "segment": "Previously Active Listeners"
  },
  {
    "artistName": "Gourov Dasgupta",
    "segment": "Previously Active Listeners"
  },
  {
    "artistName": "Deepak Blue",
    "segment": "Previously Active Listeners"
  },
  {
    "artistName": "Hema Sardesai",
    "segment": "Previously Active Listeners"
  },
  {
    "artistName": "Sri Krishna",
    "segment": "Previously Active Listeners"
  },
  {
    "artistName": "Saindhavi",
    "segment": "Previously Active Listeners"
  },
  {
    "artistName": "Manoj Muntashir",
    "segment": "Previously Active Listeners"
  },
  {
    "artistName": "Divya Kumar",
    "segment": "Previously Active Listeners"
  },
  {
    "artistName": "Sreekanth Hariharan",
    "segment": "Previously Active Listeners"
  },
  {
    "artistName": "Ananthu",
    "segment": "Previously Active Listeners"
  },
  {
    "artistName": "Fejo",
    "segment": "Previously Active Listeners"
  },
  {
    "artistName": "Stereo Nation",
    "segment": "Previously Active Listeners"
  },
  {
    "artistName": "Raamlaxman",
    "segment": "Previously Active Listeners"
  },
  {
    "artistName": "Silambarasan TR",
    "segment": "Previously Active Listeners"
  },
  {
    "artistName": "Ramu",
    "segment": "Previously Active Listeners"
  },
  {
    "artistName": "Ramya NSK",
    "segment": "Previously Active Listeners"
  },
  {
    "artistName": "Jayam Ravi",
    "segment": "Previously Active Listeners"
  },
  {
    "artistName": "Radha Viswanathan",
    "segment": "Previously Active Listeners"
  },
  {
    "artistName": "KK",
    "segment": "Previously Active Listeners"
  },
  {
    "artistName": "Jonita Gandhi",
    "segment": "Previously Active Listeners"
  },
  {
    "artistName": "Kamal Haasan",
    "segment": "Previously Active Listeners"
  },
  {
    "artistName": "Aadesh Shrivastava",
    "segment": "Previously Active Listeners"
  },
  {
    "artistName": "Santhosh Hariharan",
    "segment": "Previously Active Listeners"
  },
  {
    "artistName": "Gana Ulagam Dharani",
    "segment": "Previously Active Listeners"
  },
  {
    "artistName": "Sreerama Chandra",
    "segment": "Previously Active Listeners"
  },
  {
    "artistName": "Bade Ghulam Ali Khan",
    "segment": "Previously Active Listeners"
  },
  {
    "artistName": "Ali Azmat",
    "segment": "Previously Active Listeners"
  },
  {
    "artistName": "Malathi",
    "segment": "Previously Active Listeners"
  },
  {
    "artistName": "Arun Kaundinya",
    "segment": "Previously Active Listeners"
  },
  {
    "artistName": "Udit Narayan, Sujatha",
    "segment": "Previously Active Listeners"
  },
  {
    "artistName": "Swagat Rathod",
    "segment": "Previously Active Listeners"
  },
  {
    "artistName": "Bhupinder Singh",
    "segment": "Previously Active Listeners"
  },
  {
    "artistName": "Vasundhara Das",
    "segment": "Previously Active Listeners"
  },
  {
    "artistName": "Raja Mehdi Ali Khan",
    "segment": "Previously Active Listeners"
  },
  {
    "artistName": "Rahat Fateh Ali Khan",
    "segment": "Previously Active Listeners"
  }
]