{
  "playlists": [
    {
      "name": "My Interest",
      "lastModifiedDate": "2023-02-09",
      "items": [
        {
          "track": {
            "trackName": "Rabba",
            "artistName": "Clinton Cerejo",
            "albumName": "Fukrey",
            "trackUri": "spotify:track:0DbRXNb2Hy0cS0BfsiyzpO"
          },
          "episode": null,
          "localTrack": null,
          "addedDate": "2022-09-30"
        },
        {
          "track": {
            "trackName": "Ambarsariya",
            "artistName": "Sona Mohapatra",
            "albumName": "Fukrey",
            "trackUri": "spotify:track:4qRcjFkFqSpLBzcbLDt7HL"
          },
          "episode": null,
          "localTrack": null,
          "addedDate": "2022-09-30"
        },
        {
          "track": {
            "trackName": "Fuk Fuk Fukrey",
            "artistName": "Amjad Bagadwa",
            "albumName": "Fukrey",
            "trackUri": "spotify:track:3QNB3V1DAdWp7WgbV8wJj8"
          },
          "episode": null,
          "localTrack": null,
          "addedDate": "2022-09-30"
        },
        {
          "track": {
            "trackName": "Eppudo Ninnu",
            "artistName": "Vishal Chandrashekhar",
            "albumName": "Sita Ramam (Telugu) (Extended Version)",
            "trackUri": "spotify:track:6R4KHRnMXQEZtb1qXoNX1e"
          },
          "episode": null,
          "localTrack": null,
          "addedDate": "2022-09-29"
        },
        {
          "track": {
            "trackName": "Dekho Dekho",
            "artistName": "Thaman S",
            "albumName": "Dekho Dekho (From \"God Father\") - Hindi",
            "trackUri": "spotify:track:4Jky12V1OLm1a0Vis9VELk"
          },
          "episode": null,
          "localTrack": null,
          "addedDate": "2022-09-29"
        },
        {
          "track": {
            "trackName": "Veeraa Sooraa",
            "artistName": "Yuvan Shankar Raja",
            "albumName": "Veeraa Sooraa (From \"Nene Vasthunna\")",
            "trackUri": "spotify:track:595KzWuJcU2snbm5xFoD5J"
          },
          "episode": null,
          "localTrack": null,
          "addedDate": "2022-09-25"
        },
        {
          "track": {
            "trackName": "Jilla Theme",
            "artistName": "Santhosh Hariharan",
            "albumName": "Jilla (Original Music Picture Soundtrack)",
            "trackUri": "spotify:track:2ev3UOM2TLhquAupkuTd6v"
          },
          "episode": null,
          "localTrack": null,
          "addedDate": "2022-09-24"
        },
        {
          "track": {
            "trackName": "Veeram",
            "artistName": "Anand",
            "albumName": "Veeram",
            "trackUri": "spotify:track:6s1O69LT5MswXY65KtzVva"
          },
          "episode": null,
          "localTrack": null,
          "addedDate": "2022-09-24"
        },
        {
          "track": {
            "trackName": "Varlaam Varlaam Vaa",
            "artistName": "Roshan Jamrock",
            "albumName": "Bairavaa",
            "trackUri": "spotify:track:4FRQWmFWX7ABRXHl4reyHn"
          },
          "episode": null,
          "localTrack": null,
          "addedDate": "2022-09-22"
        },
        {
          "track": {
            "trackName": "Venaam Machan",
            "artistName": "Harris Jayaraj",
            "albumName": "Oru Kal Oru Kannadi (Original Motion Picture Soundtrack)",
            "trackUri": "spotify:track:1Xy7rlgMjkoWlwUSEk5sA4"
          },
          "episode": null,
          "localTrack": null,
          "addedDate": "2022-09-22"
        },
        {
          "track": {
            "trackName": "Devathaiya Kandein",
            "artistName": "Harish Raghavendra",
            "albumName": "Kadhal Kondaen",
            "trackUri": "spotify:track:7F6S2iyZaDS7AThJaHftJI"
          },
          "episode": null,
          "localTrack": null,
          "addedDate": "2022-09-22"
        },
        {
          "track": {
            "trackName": "Enkeyoo Partha",
            "artistName": "Yuvan Shankar Raja",
            "albumName": "Yaaradi Nee Mohini",
            "trackUri": "spotify:track:5TL3UHuEBRMPbAIAOiPJmc"
          },
          "episode": null,
          "localTrack": null,
          "addedDate": "2022-09-22"
        },
        {
          "track": {
            "trackName": "Bulbu Vaangittaen Machan",
            "artistName": "Thaman S",
            "albumName": "Sakalakalavallavan Appatakkar (Original Motion Picture Soundtrack)",
            "trackUri": "spotify:track:5suCyhZw7W6Gf9I0Bp34hO"
          },
          "episode": null,
          "localTrack": null,
          "addedDate": "2022-09-22"
        },
        {
          "track": {
            "trackName": "Marakkuma Nenjam",
            "artistName": "A.R. Rahman",
            "albumName": "Vendhu Thanindhathu Kaadu",
            "trackUri": "spotify:track:6WAfYZXIKo2ufmQZQR9L8E"
          },
          "episode": null,
          "localTrack": null,
          "addedDate": "2022-09-21"
        },
        {
          "track": {
            "trackName": "Paattu Onnu",
            "artistName": "S. P. Balasubrahmanyam",
            "albumName": "Jilla (Original Music Picture Soundtrack)",
            "trackUri": "spotify:track:4vNNyosbcDmS28JLHindHU"
          },
          "episode": null,
          "localTrack": null,
          "addedDate": "2022-09-16"
        },
        {
          "track": {
            "trackName": "Yennathan Nadakkum",
            "artistName": "M. Sounderarajan",
            "albumName": "Panathottam",
            "trackUri": "spotify:track:3onQnypf9aYcxtfElmtTyk"
          },
          "episode": null,
          "localTrack": null,
          "addedDate": "2022-09-15"
        },
        {
          "track": {
            "trackName": "Ennathaan Nadakkum",
            "artistName": "T. M. Soundararajan",
            "albumName": "Panathottam",
            "trackUri": "spotify:track:2Yk6t67PsCh9SC8hj8JFdk"
          },
          "episode": null,
          "localTrack": null,
          "addedDate": "2022-09-15"
        },
        {
          "track": {
            "trackName": "Verithanam",
            "artistName": "A.R. Rahman",
            "albumName": "Bigil",
            "trackUri": "spotify:track:1wPWGI2rjtTXEhiAylGKtF"
          },
          "episode": null,
          "localTrack": null,
          "addedDate": "2022-09-12"
        },
        {
          "track": {
            "trackName": "Unakaga",
            "artistName": "A.R. Rahman",
            "albumName": "Bigil",
            "trackUri": "spotify:track:5RR6Q4yCrbGiRCU5YbpNaY"
          },
          "episode": null,
          "localTrack": null,
          "addedDate": "2022-09-12"
        },
        {
          "track": {
            "trackName": "Thaen Thaen",
            "artistName": "Udit Narayan",
            "albumName": "Kuruvi",
            "trackUri": "spotify:track:1h4fhfxL7IU9jgzZlPEH51"
          },
          "episode": null,
          "localTrack": null,
          "addedDate": "2022-09-05"
        },
        {
          "track": {
            "trackName": "Dandana Darna",
            "artistName": "Sangeeth halthipur",
            "albumName": "Kuruvi",
            "trackUri": "spotify:track:3FSMnvY3hfjIgwlFpyYzW6"
          },
          "episode": null,
          "localTrack": null,
          "addedDate": "2022-09-05"
        },
        {
          "track": {
            "trackName": "Maaripocho - From \"Kanam\"",
            "artistName": "Jakes Bejoy",
            "albumName": "Maaripocho",
            "trackUri": "spotify:track:3CkeIKceYN9LRnIjxaWYUU"
          },
          "episode": null,
          "localTrack": null,
          "addedDate": "2022-08-29"
        },
        {
          "track": {
            "trackName": "Meghama",
            "artistName": "Karthik",
            "albumName": "Journey",
            "trackUri": "spotify:track:5wH9XpPa7ukdUyVswGc0ZX"
          },
          "episode": null,
          "localTrack": null,
          "addedDate": "2022-08-25"
        },
        {
          "track": {
            "trackName": "Kaanunna Kalyanam",
            "artistName": "Vishal Chandrashekhar",
            "albumName": "Sita Ramam (Telugu)",
            "trackUri": "spotify:track:0JA3pJaBbq8QLAABesyx21"
          },
          "episode": null,
          "localTrack": null,
          "addedDate": "2022-08-18"
        },
        {
          "track": {
            "trackName": "My Heart is Beating",
            "artistName": "KK",
            "albumName": "Jalsa",
            "trackUri": "spotify:track:3ppaMjhBDxRi2kTpawOSJn"
          },
          "episode": null,
          "localTrack": null,
          "addedDate": "2022-08-16"
        },
        {
          "track": {
            "trackName": "Jalsa Jalsa",
            "artistName": "Baba Sehgal",
            "albumName": "Jalsa",
            "trackUri": "spotify:track:0I9RbCJItXY1jxGIAsQT0t"
          },
          "episode": null,
          "localTrack": null,
          "addedDate": "2022-08-16"
        },
        {
          "track": {
            "trackName": "Inthandham",
            "artistName": "Vishal Chandrashekhar",
            "albumName": "Sita Ramam (Telugu)",
            "trackUri": "spotify:track:4Ecs0O9AWsMN8xa646TsWJ"
          },
          "episode": null,
          "localTrack": null,
          "addedDate": "2022-08-15"
        },
        {
          "track": {
            "trackName": "Oh Sita Hey Rama",
            "artistName": "Vishal Chandrashekhar",
            "albumName": "Sita Ramam (Telugu)",
            "trackUri": "spotify:track:5suqY43hDbwlMRgM0DJhvT"
          },
          "episode": null,
          "localTrack": null,
          "addedDate": "2022-08-15"
        },
        {
          "track": {
            "trackName": "Nain Ta Heere",
            "artistName": "Guru Randhawa",
            "albumName": "Jugjugg Jeeyo",
            "trackUri": "spotify:track:7eYU2hu3CUOeNy3QAsqt6t"
          },
          "episode": null,
          "localTrack": null,
          "addedDate": "2022-08-15"
        },
        {
          "track": {
            "trackName": "Rangisari",
            "artistName": "Kanishk Seth",
            "albumName": "Jugjugg Jeeyo",
            "trackUri": "spotify:track:3x9vShiP4hDhE94zvObYNS"
          },
          "episode": null,
          "localTrack": null,
          "addedDate": "2022-08-15"
        },
        {
          "track": {
            "trackName": "Vaathi Coming",
            "artistName": "Anirudh Ravichander",
            "albumName": "Master",
            "trackUri": "spotify:track:2BcPFQ7nrtUObgAs72xaac"
          },
          "episode": null,
          "localTrack": null,
          "addedDate": "2022-08-12"
        },
        {
          "track": {
            "trackName": "Vaathi Kabaddi (From \"Master\")",
            "artistName": "Vidyasagar",
            "albumName": "Vaathi Kabaddi",
            "trackUri": "spotify:track:7uMf1DQzEMqgJOSQgc5K2Y"
          },
          "episode": null,
          "localTrack": null,
          "addedDate": "2022-08-12"
        },
        {
          "track": {
            "trackName": "Deva Deva (From \"Brahmastra\")",
            "artistName": "Pritam",
            "albumName": "Deva Deva",
            "trackUri": "spotify:track:0IGXY47K2ha3AHfX57wY1O"
          },
          "episode": null,
          "localTrack": null,
          "addedDate": "2022-08-10"
        },
        {
          "track": {
            "trackName": "Vijayaho",
            "artistName": "M. M. Keeravani",
            "albumName": "Vijayaho (From \"Bimbisara\")",
            "trackUri": "spotify:track:5b9L6oxn1QMY5esevdpjSN"
          },
          "episode": null,
          "localTrack": null,
          "addedDate": "2022-08-05"
        },
        {
          "track": {
            "trackName": "Tere Hawaale (From \"Laal Singh Chaddha\")",
            "artistName": "Pritam",
            "albumName": "Tere Hawaale (From \"Laal Singh Chaddha\")",
            "trackUri": "spotify:track:4blqlsA1uf2d2I40E90EUC"
          },
          "episode": null,
          "localTrack": null,
          "addedDate": "2022-08-05"
        },
        {
          "track": {
            "trackName": "Kaveri Se Milne (From \"PS-1\") [Hindi]",
            "artistName": "A.R. Rahman",
            "albumName": "Kaveri Se Milne (From \"PS-1\") [Hindi]",
            "trackUri": "spotify:track:3eycSGhQqc3aDyd57CCD6s"
          },
          "episode": null,
          "localTrack": null,
          "addedDate": "2022-08-05"
        },
        {
          "track": {
            "trackName": "Ay Hairathe",
            "artistName": "A.R. Rahman",
            "albumName": "Guru (Original Motion Picture Soundtrack)",
            "trackUri": "spotify:track:3Bq7CnWgfvplEzGSVXUvOe"
          },
          "episode": null,
          "localTrack": null,
          "addedDate": "2022-08-04"
        },
        {
          "track": {
            "trackName": "Tere Bina",
            "artistName": "A.R. Rahman",
            "albumName": "Guru (Original Motion Picture Soundtrack)",
            "trackUri": "spotify:track:4FeczSomVWVyU4FW7xDeAI"
          },
          "episode": null,
          "localTrack": null,
          "addedDate": "2022-08-04"
        },
        {
          "track": {
            "trackName": "Life Of Ram",
            "artistName": "Pradeep Kumar",
            "albumName": "Jaanu",
            "trackUri": "spotify:track:0i5KYCaQs1xY7z9MWCFoXW"
          },
          "episode": null,
          "localTrack": null,
          "addedDate": "2022-08-04"
        },
        {
          "track": {
            "trackName": "Tose Naina",
            "artistName": "Arijit Singh",
            "albumName": "Mickey Virus",
            "trackUri": "spotify:track:2dPUug9YiNL4ypu8UF8SnD"
          },
          "episode": null,
          "localTrack": null,
          "addedDate": "2022-08-04"
        },
        {
          "track": {
            "trackName": "La Ilaaj",
            "artistName": "Arijit Singh",
            "albumName": "Darlings",
            "trackUri": "spotify:track:5uYHDSKVHfHxBLgYf4H6SH"
          },
          "episode": null,
          "localTrack": null,
          "addedDate": "2022-08-03"
        },
        {
          "track": {
            "trackName": "Rise of Shyam",
            "artistName": "Mickey J. Meyer",
            "albumName": "Shyam Singha Roy - Telugu",
            "trackUri": "spotify:track:7lIeJqJ7BbqBWPdcFEzhIH"
          },
          "episode": null,
          "localTrack": null,
          "addedDate": "2022-08-03"
        },
        {
          "track": {
            "trackName": "Seeti Maar",
            "artistName": "Jaspreet Jasz",
            "albumName": "DJ",
            "trackUri": "spotify:track:5VayHAvzwBx4i87c1twFjS"
          },
          "episode": null,
          "localTrack": null,
          "addedDate": "2022-08-03"
        },
        {
          "track": {
            "trackName": "DJ Saranam Bhaje Bhaje",
            "artistName": "Vijay Prakash",
            "albumName": "DJ",
            "trackUri": "spotify:track:0EpsTbY4ZhvqZuPh46bE60"
          },
          "episode": null,
          "localTrack": null,
          "addedDate": "2022-08-03"
        },
        {
          "track": {
            "trackName": "Jayaho Janatha",
            "artistName": "Sukhwinder Singh",
            "albumName": "Janatha Garage",
            "trackUri": "spotify:track:4fo2Q4iPc9DDI1eS7sIHIh"
          },
          "episode": null,
          "localTrack": null,
          "addedDate": "2022-08-03"
        },
        {
          "track": {
            "trackName": "Rock On Bro",
            "artistName": "Raghu Dixit",
            "albumName": "Janatha Garage",
            "trackUri": "spotify:track:3vFP6bzYmxT2DBP9IyZr38"
          },
          "episode": null,
          "localTrack": null,
          "addedDate": "2022-08-03"
        },
        {
          "track": {
            "trackName": "Pranaamam",
            "artistName": "Shankar Mahadevan",
            "albumName": "Janatha Garage",
            "trackUri": "spotify:track:75PLRXczgeUtwD9mFzDVsB"
          },
          "episode": null,
          "localTrack": null,
          "addedDate": "2022-08-03"
        },
        {
          "track": {
            "trackName": "Dhruva Dhruva",
            "artistName": "Amit Mishra",
            "albumName": "Dhruva",
            "trackUri": "spotify:track:4JPr25ag4mVbYtNEZ3QGVE"
          },
          "episode": null,
          "localTrack": null,
          "addedDate": "2022-08-03"
        },
        {
          "track": {
            "trackName": "Vishwaroop",
            "artistName": "Shankar-Ehsaan-Loy",
            "albumName": "Vishwaroop (Original Motion Picture Soundtrack)",
            "trackUri": "spotify:track:0f7j8UiLR1EaRhZKUSZdX5"
          },
          "episode": null,
          "localTrack": null,
          "addedDate": "2022-07-29"
        },
        {
          "track": {
            "trackName": "Kahani (Sonu's Version) [From \"Laal Singh Chaddha\"]",
            "artistName": "Pritam",
            "albumName": "Kahani (Sonu's Version) [From \"Laal Singh Chaddha\"]",
            "trackUri": "spotify:track:382emarYcsDvic5RCKaglv"
          },
          "episode": null,
          "localTrack": null,
          "addedDate": "2022-07-29"
        },
        {
          "track": {
            "trackName": "Vikram Vikram",
            "artistName": "Kamal Haasan",
            "albumName": "Vikram",
            "trackUri": "spotify:track:6iUI6Hqb8AqWbE8KlpX5BS"
          },
          "episode": null,
          "localTrack": null,
          "addedDate": "2022-06-11"
        },
        {
          "track": {
            "trackName": "Once Upon a Time",
            "artistName": "Anirudh Ravichander",
            "albumName": "Vikram",
            "trackUri": "spotify:track:4wCy7erulqUfFQNVaZBD9b"
          },
          "episode": null,
          "localTrack": null,
          "addedDate": "2022-06-06"
        },
        {
          "track": {
            "trackName": "Pathala Pathala",
            "artistName": "Anirudh Ravichander",
            "albumName": "Vikram",
            "trackUri": "spotify:track:0obvnPQaTe8fRAQHWyOWBv"
          },
          "episode": null,
          "localTrack": null,
          "addedDate": "2022-06-06"
        },
        {
          "track": {
            "trackName": "Vikram - Title Track",
            "artistName": "Anirudh Ravichander",
            "albumName": "Vikram",
            "trackUri": "spotify:track:6FQQiTpYnfc5803p84bQp1"
          },
          "episode": null,
          "localTrack": null,
          "addedDate": "2022-06-03"
        },
        {
          "track": {
            "trackName": "Wasted",
            "artistName": "Anirudh Ravichander",
            "albumName": "Vikram",
            "trackUri": "spotify:track:2dpMdklbSc5CmZ3ijhknZ5"
          },
          "episode": null,
          "localTrack": null,
          "addedDate": "2022-06-02"
        },
        {
          "track": {
            "trackName": "Telusa Telusa (From \"Ranga Ranga Vaibhavanga\")",
            "artistName": "Devi Sri Prasad",
            "albumName": "Telusa Telusa",
            "trackUri": "spotify:track:3VvpquuLSW5KcjhTKxcQxe"
          },
          "episode": null,
          "localTrack": null,
          "addedDate": "2022-05-25"
        },
        {
          "track": {
            "trackName": "Kadha Kelu Kadha Kelu",
            "artistName": "Ilaiyaraaja",
            "albumName": "Michael Madana Kama Rajan",
            "trackUri": "spotify:track:6f93UUjhFB1qHvbtgaGBPL"
          },
          "episode": null,
          "localTrack": null,
          "addedDate": "2022-05-16"
        },
        {
          "track": {
            "trackName": "Private Party (From \"Don\")",
            "artistName": "Anirudh Ravichander",
            "albumName": "Private Party",
            "trackUri": "spotify:track:6eYsOcDdB5b6rTO5ubMxeV"
          },
          "episode": null,
          "localTrack": null,
          "addedDate": "2022-05-13"
        },
        {
          "track": {
            "trackName": "Vaa Saamy",
            "artistName": "Mukesh Mohamed",
            "albumName": "Annaatthe (Original Motion Picture Soundtrack)",
            "trackUri": "spotify:track:1F4eiMS9hM4d9rQVZAdBXh"
          },
          "episode": null,
          "localTrack": null,
          "addedDate": "2022-05-09"
        },
        {
          "track": {
            "trackName": "Yennai Arindhaal",
            "artistName": "Harris Jayaraj",
            "albumName": "Yennai Arindhaal (Original Motion Picture Soundtrack)",
            "trackUri": "spotify:track:76JxauQ8isYkpbFXRzRQGX"
          },
          "episode": null,
          "localTrack": null,
          "addedDate": "2022-05-06"
        },
        {
          "track": {
            "trackName": "Mazhai Vara Pogudhae",
            "artistName": "Harris Jayaraj",
            "albumName": "Yennai Arindhaal (Original Motion Picture Soundtrack)",
            "trackUri": "spotify:track:5ich0wSxDxMryEjwZo6XzG"
          },
          "episode": null,
          "localTrack": null,
          "addedDate": "2022-05-06"
        },
        {
          "track": {
            "trackName": "Happy Birthday",
            "artistName": "Hiphop Tamizha",
            "albumName": "Naan Sirithal",
            "trackUri": "spotify:track:17pZNA374fCWXSqe3JBxUF"
          },
          "episode": null,
          "localTrack": null,
          "addedDate": "2022-04-28"
        },
        {
          "track": {
            "trackName": "Single Pasanga - From \"Natpe Thunai\"",
            "artistName": "Hiphop Tamizha",
            "albumName": "Single Pasanga",
            "trackUri": "spotify:track:1v0qrCkDBqA0cKHgEqCxzw"
          },
          "episode": null,
          "localTrack": null,
          "addedDate": "2022-04-28"
        },
        {
          "track": {
            "trackName": "Polladha Ulagam (From \"Maaran\")",
            "artistName": "Dhanush",
            "albumName": "Polladha Ulagam (From \"Maaran\")",
            "trackUri": "spotify:track:0CI3up9Rf5tZq5MxfJG2oB"
          },
          "episode": null,
          "localTrack": null,
          "addedDate": "2022-04-27"
        },
        {
          "track": {
            "trackName": "Adheeraa (From \"Cobra\")",
            "artistName": "A.R. Rahman",
            "albumName": "Adheeraa",
            "trackUri": "spotify:track:4381FmKZc1uT2zzhBiknH7"
          },
          "episode": null,
          "localTrack": null,
          "addedDate": "2022-04-26"
        },
        {
          "track": {
            "trackName": "Gaali Vaaluga",
            "artistName": "Anirudh Ravichander",
            "albumName": "Agnyaathavaasi",
            "trackUri": "spotify:track:5pOY1Vg2TIIbVBfR6yAg0C"
          },
          "episode": null,
          "localTrack": null,
          "addedDate": "2022-04-25"
        },
        {
          "track": {
            "trackName": "Beast Mode (From \"Beast\")",
            "artistName": "Anirudh Ravichander",
            "albumName": "Beast Mode (From \"Beast\")",
            "trackUri": "spotify:track:1aQ58u4guUf999iQX3J2HF"
          },
          "episode": null,
          "localTrack": null,
          "addedDate": "2022-04-22"
        },
        {
          "track": {
            "trackName": "Oo Aadapilla (From \"Ashoka Vanamlo Arjuna Kalyanam\")",
            "artistName": "Jay Krish",
            "albumName": "Oo Aadapilla",
            "trackUri": "spotify:track:7eqxqeUdtfk4rkLx4IWypB"
          },
          "episode": null,
          "localTrack": null,
          "addedDate": "2022-04-21"
        },
        {
          "track": {
            "trackName": "Laahe Laahe",
            "artistName": "Mani Sharma",
            "albumName": "Acharya",
            "trackUri": "spotify:track:6rcTPn1CwOyuskilY12IqL"
          },
          "episode": null,
          "localTrack": null,
          "addedDate": "2022-04-19"
        },
        {
          "track": {
            "trackName": "Bhale Bhale Banjara",
            "artistName": "Mani Sharma",
            "albumName": "Acharya",
            "trackUri": "spotify:track:1GP0KRgqPjkzG9SGuYZKZA"
          },
          "episode": null,
          "localTrack": null,
          "addedDate": "2022-04-19"
        },
        {
          "track": {
            "trackName": "Chanchalguda Jail Lo",
            "artistName": "Yogi Sekar",
            "albumName": "Jathi Ratnalu",
            "trackUri": "spotify:track:2HxOQ3SdMGqjMTCUaaijsU"
          },
          "episode": null,
          "localTrack": null,
          "addedDate": "2022-04-18"
        },
        {
          "track": {
            "trackName": "Mana Jathiratnalu",
            "artistName": "Rahul Sipligunj",
            "albumName": "Jathi Ratnalu",
            "trackUri": "spotify:track:7qBND5EiNeajVxA9H8mjbQ"
          },
          "episode": null,
          "localTrack": null,
          "addedDate": "2022-04-18"
        },
        {
          "track": {
            "trackName": "Chitti",
            "artistName": "Ram Miriyala",
            "albumName": "Jathi Ratnalu",
            "trackUri": "spotify:track:6PQpG2HlVxuR6GwwWQX7XM"
          },
          "episode": null,
          "localTrack": null,
          "addedDate": "2022-04-18"
        },
        {
          "track": {
            "trackName": "La La Bheemla",
            "artistName": "Thaman S",
            "albumName": "Bheemla Nayak",
            "trackUri": "spotify:track:0AGbuVpSivVZI99CJqdMpi"
          },
          "episode": null,
          "localTrack": null,
          "addedDate": "2022-04-18"
        },
        {
          "track": {
            "trackName": "Bheemla Nayak Title Song",
            "artistName": "Thaman S",
            "albumName": "Bheemla Nayak",
            "trackUri": "spotify:track:6BiLK0zV9MULmHcM7G7L2W"
          },
          "episode": null,
          "localTrack": null,
          "addedDate": "2022-04-18"
        },
        {
          "track": {
            "trackName": "Penny",
            "artistName": "Thaman S",
            "albumName": "Penny - Sarkaru Vaari Paata",
            "trackUri": "spotify:track:43MaYmeXYuEH4mpuaGH0uC"
          },
          "episode": null,
          "localTrack": null,
          "addedDate": "2022-04-13"
        },
        {
          "track": {
            "trackName": "Pranavalaya",
            "artistName": "Anurag Kulkarni",
            "albumName": "Pranavalaya - Shyam Singha Roy-Telugu",
            "trackUri": "spotify:track:4LC5K1KOd2HuEcF7OuIyJg"
          },
          "episode": null,
          "localTrack": null,
          "addedDate": "2022-04-13"
        },
        {
          "track": {
            "trackName": "Sirivennela",
            "artistName": "Anurag Kulkarni",
            "albumName": "Sirivennela - Shyam Singha Roy - Telugu",
            "trackUri": "spotify:track:7L2D6W7e8mn0zf8cH78Ch4"
          },
          "episode": null,
          "localTrack": null,
          "addedDate": "2022-04-13"
        },
        {
          "track": {
            "trackName": "Kalaavathi",
            "artistName": "Thaman S",
            "albumName": "Kalaavathi - Sarkaru Vaari Paata",
            "trackUri": "spotify:track:0hNPo5brQ2MLlrdVKZfHK9"
          },
          "episode": null,
          "localTrack": null,
          "addedDate": "2022-04-13"
        },
        {
          "track": {
            "trackName": "Vaathi Raid",
            "artistName": "Anirudh Ravichander",
            "albumName": "Master",
            "trackUri": "spotify:track:4PML5RtrVcYAwTTS46otXB"
          },
          "episode": null,
          "localTrack": null,
          "addedDate": "2022-02-28"
        },
        {
          "track": {
            "trackName": "Arabic Kuthu - Halamithi Habibo (From \"Beast\")",
            "artistName": "Anirudh Ravichander",
            "albumName": "Arabic Kuthu - Halamithi Habibo (From \"Beast\")",
            "trackUri": "spotify:track:6yvxu91deFKt3X1QoV6qMv"
          },
          "episode": null,
          "localTrack": null,
          "addedDate": "2022-02-16"
        },
        {
          "track": {
            "trackName": "Yaamili Yaamiliya (From \"Laabam\")",
            "artistName": "Divya Kumar",
            "albumName": "Yaamili Yaamiliya (From \"Laabam\")",
            "trackUri": "spotify:track:0eKqxrkMtVgB7DRXDnVbsj"
          },
          "episode": null,
          "localTrack": null,
          "addedDate": "2022-02-12"
        },
        {
          "track": {
            "trackName": "Velai Illa Pattadhaari",
            "artistName": "Anirudh Ravichander",
            "albumName": "Velai Illa Pattadhaari (Original Motion Picture Soundtrack)",
            "trackUri": "spotify:track:4Qad5qCAVtYgvhFCzyIaUK"
          },
          "episode": null,
          "localTrack": null,
          "addedDate": "2022-02-12"
        },
        {
          "track": {
            "trackName": "Marana Mass - From \"Petta\"",
            "artistName": "Anirudh Ravichander",
            "albumName": "Petta",
            "trackUri": "spotify:track:7j7fS14vlwVk0Pfnr0hovC"
          },
          "episode": null,
          "localTrack": null,
          "addedDate": "2022-02-12"
        },
        {
          "track": {
            "trackName": "Two Two Two (From \"Kaathuvaakula Rendu Kaadhal\")",
            "artistName": "Anirudh Ravichander",
            "albumName": "Two Two Two",
            "trackUri": "spotify:track:6C8JJFoGC4dkVtAHVK3iif"
          },
          "episode": null,
          "localTrack": null,
          "addedDate": "2022-02-12"
        },
        {
          "track": {
            "trackName": "Jalabulajangu (From \"Don\")",
            "artistName": "Anirudh Ravichander",
            "albumName": "Jalabulajangu",
            "trackUri": "spotify:track:4HdzYTQiouB9BVYX7JOrhh"
          },
          "episode": null,
          "localTrack": null,
          "addedDate": "2022-02-12"
        },
        {
          "track": {
            "trackName": "Tamizhan Endru Sollada (From \"Bhoomi\")",
            "artistName": "D. Imman",
            "albumName": "2020 Top Hits (Tamil)",
            "trackUri": "spotify:track:60WCACeHFlsMTcXZSZ1QyZ"
          },
          "episode": null,
          "localTrack": null,
          "addedDate": "2022-02-12"
        },
        {
          "track": {
            "trackName": "Naan Pollathavan",
            "artistName": "S. P. Balasubrahmanyam",
            "albumName": "Polladhavan",
            "trackUri": "spotify:track:3siByQ9o6NzPEALVmHTFiq"
          },
          "episode": null,
          "localTrack": null,
          "addedDate": "2022-07-06"
        },
        {
          "track": {
            "trackName": "Anjana",
            "artistName": "KK",
            "albumName": "Dhoka (Original Motion Picture Soundtrack)",
            "trackUri": "spotify:track:2iIQyxqcdJuqgeXBvdmv6B"
          },
          "episode": null,
          "localTrack": null,
          "addedDate": "2022-07-10"
        },
        {
          "track": {
            "trackName": "Main Chali",
            "artistName": "Naresh Iyer",
            "albumName": "Force",
            "trackUri": "spotify:track:2CMALEnJW6zWpn3llkaR7B"
          },
          "episode": null,
          "localTrack": null,
          "addedDate": "2022-07-10"
        },
        {
          "track": {
            "trackName": "Khwabon Khwabon",
            "artistName": "KK",
            "albumName": "Force",
            "trackUri": "spotify:track:0KUHuAyQV048duExDLXnJb"
          },
          "episode": null,
          "localTrack": null,
          "addedDate": "2022-07-10"
        },
        {
          "track": {
            "trackName": "Main Ki Karaan? (From \"Laal Singh Chaddha\")",
            "artistName": "Pritam",
            "albumName": "Main Ki Karaan? (From \"Laal Singh Chaddha\")",
            "trackUri": "spotify:track:0FaYl39oV2OPFGYJ6MbILr"
          },
          "episode": null,
          "localTrack": null,
          "addedDate": "2022-07-10"
        },
        {
          "track": {
            "trackName": "Kahani (From \"Laal Singh Chaddha\")",
            "artistName": "Pritam",
            "albumName": "Kahani (From \"Laal Singh Chaddha\")",
            "trackUri": "spotify:track:7Lcp4QlpR3RDngYejm4fmS"
          },
          "episode": null,
          "localTrack": null,
          "addedDate": "2022-07-10"
        },
        {
          "track": {
            "trackName": "Ra Ra Rakkamma (From \"Vikrant Rona\")",
            "artistName": "Nakash Aziz",
            "albumName": "Ra Ra Rakkamma (From \"Vikrant Rona\")",
            "trackUri": "spotify:track:3EHnhTGXP2dTo64YL6v0Tb"
          },
          "episode": null,
          "localTrack": null,
          "addedDate": "2022-07-10"
        },
        {
          "track": {
            "trackName": "Tauba Tauba",
            "artistName": "Kailash Kher",
            "albumName": "Rediscovered Gems: Kailash Kher",
            "trackUri": "spotify:track:3Xg3ucwjbEKAQlnA8BOr8b"
          },
          "episode": null,
          "localTrack": null,
          "addedDate": "2022-07-10"
        },
        {
          "track": {
            "trackName": "Genda Phool",
            "artistName": "Rekha Bhardwaj",
            "albumName": "Delhi-6",
            "trackUri": "spotify:track:15Vuw407y6UWIPUfGrpJ1e"
          },
          "episode": null,
          "localTrack": null,
          "addedDate": "2022-07-10"
        },
        {
          "track": {
            "trackName": "Rehna Tu",
            "artistName": "A.R. Rahman",
            "albumName": "Delhi-6",
            "trackUri": "spotify:track:5RZbS87YI2wd87SWuO0YAX"
          },
          "episode": null,
          "localTrack": null,
          "addedDate": "2022-07-10"
        },
        {
          "track": {
            "trackName": "Dilli - 6",
            "artistName": "Blaaze",
            "albumName": "Delhi-6",
            "trackUri": "spotify:track:7pJlOw7kYWSP2Ai4uPYYZT"
          },
          "episode": null,
          "localTrack": null,
          "addedDate": "2022-07-10"
        },
        {
          "track": {
            "trackName": "Masakali",
            "artistName": "Mohit Chauhan",
            "albumName": "Delhi-6",
            "trackUri": "spotify:track:5iyNH1Dmxif1k4Nl1gMeuh"
          },
          "episode": null,
          "localTrack": null,
          "addedDate": "2022-07-10"
        },
        {
          "track": {
            "trackName": "Arziyan",
            "artistName": "Javed Ali",
            "albumName": "Delhi-6",
            "trackUri": "spotify:track:3V80Iv04B9XAqGHbXdtRT1"
          },
          "episode": null,
          "localTrack": null,
          "addedDate": "2022-07-10"
        },
        {
          "track": {
            "trackName": "Switty Punk",
            "artistName": "Ram Sampath",
            "albumName": "Delhi Belly",
            "trackUri": "spotify:track:10QoVk0bqvbCFSJW7xEcPY"
          },
          "episode": null,
          "localTrack": null,
          "addedDate": "2022-07-10"
        },
        {
          "track": {
            "trackName": "Switty Tera Pyaar Chaida",
            "artistName": "Ram Sampath",
            "albumName": "Delhi Belly",
            "trackUri": "spotify:track:0jWrfBcKMBQjJnDbpM6GMu"
          },
          "episode": null,
          "localTrack": null,
          "addedDate": "2022-07-10"
        },
        {
          "track": {
            "trackName": "Nakkadwaley Disco, Udhaarwaley Khisko",
            "artistName": "Ram Sampath",
            "albumName": "Delhi Belly",
            "trackUri": "spotify:track:1cVj8JEbb0QsZViUuWysmO"
          },
          "episode": null,
          "localTrack": null,
          "addedDate": "2022-07-10"
        },
        {
          "track": {
            "trackName": "Bhaag D.K. Bose, Aandhi Aayi",
            "artistName": "Ram Sampath",
            "albumName": "Delhi Belly",
            "trackUri": "spotify:track:1sxh0eqIb8ulYypPuq6ZRu"
          },
          "episode": null,
          "localTrack": null,
          "addedDate": "2022-07-10"
        },
        {
          "track": {
            "trackName": "Bhool Bhulaiyaa 2 Title Track (From \"Bhool Bhulaiyaa 2\")",
            "artistName": "Pritam",
            "albumName": "Bhool Bhulaiyaa 2 Title Track (From \"Bhool Bhulaiyaa 2\")",
            "trackUri": "spotify:track:2cbaCL38j8eUXBQjvLawET"
          },
          "episode": null,
          "localTrack": null,
          "addedDate": "2022-07-10"
        },
        {
          "track": {
            "trackName": "Ek Ghadi",
            "artistName": "Rekha Bhardwaj",
            "albumName": "D-Day",
            "trackUri": "spotify:track:4ogeckkWMWFGpp3mHirbQY"
          },
          "episode": null,
          "localTrack": null,
          "addedDate": "2022-07-10"
        },
        {
          "track": {
            "trackName": "Murshid Khele Holi",
            "artistName": "Munawar Masoom",
            "albumName": "D-Day",
            "trackUri": "spotify:track:24Kzi3fQJucJaPymgNvw98"
          },
          "episode": null,
          "localTrack": null,
          "addedDate": "2022-07-10"
        },
        {
          "track": {
            "trackName": "Duma Dum",
            "artistName": "Mika Singh",
            "albumName": "D-Day",
            "trackUri": "spotify:track:5J9a61kA19lF1DEQbSJqER"
          },
          "episode": null,
          "localTrack": null,
          "addedDate": "2022-07-10"
        },
        {
          "track": {
            "trackName": "Maarkhayegaa",
            "artistName": "Farhad Bhiwandiwala",
            "albumName": "Bachchhan Paandey",
            "trackUri": "spotify:track:0x1IjopJzJipDiOm86laxV"
          },
          "episode": null,
          "localTrack": null,
          "addedDate": "2022-07-10"
        },
        {
          "track": {
            "trackName": "Sulthan",
            "artistName": "Brijesh Shandilya",
            "albumName": "KGF Chapter 2",
            "trackUri": "spotify:track:1DaF1xu2qeaxYOK0TeycKP"
          },
          "episode": null,
          "localTrack": null,
          "addedDate": "2022-07-10"
        },
        {
          "track": {
            "trackName": "Toofan",
            "artistName": "Sandesh Datta Naik",
            "albumName": "KGF Chapter 2",
            "trackUri": "spotify:track:1BxAozETxdhMI07QikSpjJ"
          },
          "episode": null,
          "localTrack": null,
          "addedDate": "2022-07-10"
        },
        {
          "track": {
            "trackName": "Ghungroo (From \"War\")",
            "artistName": "Vishal-Shekhar",
            "albumName": "Ghungroo (From \"War\")",
            "trackUri": "spotify:track:0WdbnNKO0Jt4BZACSDQh44"
          },
          "episode": null,
          "localTrack": null,
          "addedDate": "2022-07-10"
        },
        {
          "track": {
            "trackName": "Aari Aari",
            "artistName": "Romy",
            "albumName": "Satellite Shankar",
            "trackUri": "spotify:track:3IZKxFbX00Xok0oNbBzhoC"
          },
          "episode": null,
          "localTrack": null,
          "addedDate": "2022-07-10"
        },
        {
          "track": {
            "trackName": "Saiyaan Re",
            "artistName": "Shilpa",
            "albumName": "Salaam-E-Ishq",
            "trackUri": "spotify:track:66Mz0UHS95sJi02UK4sz8Z"
          },
          "episode": null,
          "localTrack": null,
          "addedDate": "2022-07-10"
        },
        {
          "track": {
            "trackName": "Dil Kya Kare",
            "artistName": "Adnan Sami",
            "albumName": "Salaam-E-Ishq",
            "trackUri": "spotify:track:648GXyKI62FhbeBq0levWr"
          },
          "episode": null,
          "localTrack": null,
          "addedDate": "2022-07-10"
        },
        {
          "track": {
            "trackName": "Tera Chehra",
            "artistName": "Adnan Sami",
            "albumName": "Tera Chehra",
            "trackUri": "spotify:track:14uXhHNINQqjl2hngD21s9"
          },
          "episode": null,
          "localTrack": null,
          "addedDate": "2022-07-10"
        },
        {
          "track": {
            "trackName": "Kabhi Nahee",
            "artistName": "Adnan Sami",
            "albumName": "Tera Chehra",
            "trackUri": "spotify:track:3zeTPFtnlR72qRnBH3g2xd"
          },
          "episode": null,
          "localTrack": null,
          "addedDate": "2022-07-10"
        },
        {
          "track": {
            "trackName": "Meri Yaad",
            "artistName": "Adnan Sami",
            "albumName": "Tera Chehra",
            "trackUri": "spotify:track:0dowKV8zeOJjbc7ikMskIR"
          },
          "episode": null,
          "localTrack": null,
          "addedDate": "2022-07-10"
        },
        {
          "track": {
            "trackName": "Vaada Machaney",
            "artistName": "Justin Prabhakaran",
            "albumName": "Meenakshi Sundareshwar",
            "trackUri": "spotify:track:2gYRAx3vWVROuOESg2rMt3"
          },
          "episode": null,
          "localTrack": null,
          "addedDate": "2022-07-10"
        },
        {
          "track": {
            "trackName": "Kajra Re",
            "artistName": "Shankar-Ehsaan-Loy",
            "albumName": "Bunty Aur Babli",
            "trackUri": "spotify:track:72HdutlIHBZJ7WT1xVAAZT"
          },
          "episode": null,
          "localTrack": null,
          "addedDate": "2022-07-10"
        },
        {
          "track": {
            "trackName": "Jalwanuma (From \"Heropanti 2\")",
            "artistName": "Pooja Tiwari",
            "albumName": "Jalwanuma (From \"Heropanti 2\")",
            "trackUri": "spotify:track:2L6aaYzrSkAeIsCZj7tMnM"
          },
          "episode": null,
          "localTrack": null,
          "addedDate": "2022-07-10"
        },
        {
          "track": {
            "trackName": "Allah Hafiz",
            "artistName": "Pritam",
            "albumName": "Bhool Bhulaiyaa",
            "trackUri": "spotify:track:7CMyoI8zAFAUhMnQ5NzNnu"
          },
          "episode": null,
          "localTrack": null,
          "addedDate": "2022-07-10"
        },
        {
          "track": {
            "trackName": "Labon Ko",
            "artistName": "Pritam",
            "albumName": "Bhool Bhulaiyaa",
            "trackUri": "spotify:track:5WncH5iZ5GFlnXm7jKEXVP"
          },
          "episode": null,
          "localTrack": null,
          "addedDate": "2022-07-10"
        },
        {
          "track": {
            "trackName": "Bhool Bhulaiyaa",
            "artistName": "Pritam",
            "albumName": "Bhool Bhulaiyaa",
            "trackUri": "spotify:track:6CCV7FeYgEQ7Ekbes6B36Q"
          },
          "episode": null,
          "localTrack": null,
          "addedDate": "2022-07-10"
        },
        {
          "track": {
            "trackName": "Halla Sheri (From \"Hurdang\")",
            "artistName": "Sachet Tandon",
            "albumName": "Halla Sheri (From \"Hurdang\")",
            "trackUri": "spotify:track:6iiq82KhLXGghYsulVlELr"
          },
          "episode": null,
          "localTrack": null,
          "addedDate": "2022-07-10"
        },
        {
          "track": {
            "trackName": "Musafir",
            "artistName": "Ankit Tiwari",
            "albumName": "Musafir",
            "trackUri": "spotify:track:4nJGc7p0H5jAzdSihXaYma"
          },
          "episode": null,
          "localTrack": null,
          "addedDate": "2022-07-10"
        },
        {
          "track": {
            "trackName": "Barbaadiyan",
            "artistName": "Sachet Tandon",
            "albumName": "Shiddat",
            "trackUri": "spotify:track:6qZyM6JV8ohLC4S2EL5sFh"
          },
          "episode": null,
          "localTrack": null,
          "addedDate": "2022-07-10"
        },
        {
          "track": {
            "trackName": "Akhiyan Udeek Diyan",
            "artistName": "Master Saleem",
            "albumName": "Shiddat",
            "trackUri": "spotify:track:5ZHglFJ4SxGJWfgfeSekmj"
          },
          "episode": null,
          "localTrack": null,
          "addedDate": "2022-07-10"
        },
        {
          "track": {
            "trackName": "Jug Jug Jeeve",
            "artistName": "Sachet Tandon",
            "albumName": "Shiddat",
            "trackUri": "spotify:track:0tjnLIbuF8mwLUKq3CNIdH"
          },
          "episode": null,
          "localTrack": null,
          "addedDate": "2022-07-10"
        },
        {
          "track": {
            "trackName": "Jhoom Barabar Jhoom",
            "artistName": "Shankar-Ehsaan-Loy",
            "albumName": "Jhoom Barabar Jhoom",
            "trackUri": "spotify:track:4HfmI5Yisll9PCOjJhtijw"
          },
          "episode": null,
          "localTrack": null,
          "addedDate": "2022-07-10"
        },
        {
          "track": {
            "trackName": "Kiss Of Love",
            "artistName": "Shankar-Ehsaan-Loy",
            "albumName": "Jhoom Barabar Jhoom",
            "trackUri": "spotify:track:6hQybbth9vu56xIOZDGs5s"
          },
          "episode": null,
          "localTrack": null,
          "addedDate": "2022-07-10"
        },
        {
          "track": {
            "trackName": "Bol Na Halke Halke",
            "artistName": "Shankar-Ehsaan-Loy",
            "albumName": "Jhoom Barabar Jhoom",
            "trackUri": "spotify:track:0u8wprNfOdcWpUlWnfMcpP"
          },
          "episode": null,
          "localTrack": null,
          "addedDate": "2022-07-10"
        },
        {
          "track": {
            "trackName": "Fatak",
            "artistName": "Sukhwinder Singh",
            "albumName": "Kaminey",
            "trackUri": "spotify:track:3uH2MyZMZnHvDsyEpfbr6I"
          },
          "episode": null,
          "localTrack": null,
          "addedDate": "2022-07-10"
        },
        {
          "track": {
            "trackName": "Dhan Te Nan",
            "artistName": "Sukhwinder Singh",
            "albumName": "Kaminey",
            "trackUri": "spotify:track:2BOY77LvMTUOfLcnfFAJGl"
          },
          "episode": null,
          "localTrack": null,
          "addedDate": "2022-07-10"
        },
        {
          "track": {
            "trackName": "Dil Dance Maare",
            "artistName": "Vishal-Shekhar",
            "albumName": "Tashan",
            "trackUri": "spotify:track:0nkF0CojMczlSHMddiib6n"
          },
          "episode": null,
          "localTrack": null,
          "addedDate": "2022-07-10"
        },
        {
          "track": {
            "trackName": "Tashan Mein",
            "artistName": "Vishal-Shekhar",
            "albumName": "Tashan",
            "trackUri": "spotify:track:25Is018fCwnTh4zlK5DrMJ"
          },
          "episode": null,
          "localTrack": null,
          "addedDate": "2022-07-10"
        },
        {
          "track": {
            "trackName": "Dil Haara",
            "artistName": "Vishal-Shekhar",
            "albumName": "Tashan",
            "trackUri": "spotify:track:5wIwMpBfTKoGmuOphrYrum"
          },
          "episode": null,
          "localTrack": null,
          "addedDate": "2022-07-10"
        },
        {
          "track": {
            "trackName": "Jaan Hai Meri",
            "artistName": "Amaal Mallik",
            "albumName": "Radhe Shyam",
            "trackUri": "spotify:track:2q4Lxk4MskxCtKjCZaL7IN"
          },
          "episode": null,
          "localTrack": null,
          "addedDate": "2022-07-10"
        },
        {
          "track": {
            "trackName": "Udd Jaa Parindey",
            "artistName": "Mithoon",
            "albumName": "Radhe Shyam",
            "trackUri": "spotify:track:7j1ITbGbqY40RmHMgpTWn2"
          },
          "episode": null,
          "localTrack": null,
          "addedDate": "2022-07-10"
        },
        {
          "track": {
            "trackName": "Soch Liya",
            "artistName": "Mithoon",
            "albumName": "Radhe Shyam",
            "trackUri": "spotify:track:4hPxFf3Rd18BRtTYRcqZir"
          },
          "episode": null,
          "localTrack": null,
          "addedDate": "2022-07-10"
        },
        {
          "track": {
            "trackName": "Aashiqui Aa Gayi",
            "artistName": "Mithoon",
            "albumName": "Radhe Shyam",
            "trackUri": "spotify:track:7Bnc9gWHdjZAmjSuTY42CJ"
          },
          "episode": null,
          "localTrack": null,
          "addedDate": "2022-07-10"
        },
        {
          "track": {
            "trackName": "Kya Yehi Pyaar Hai",
            "artistName": "Amaal Mallik",
            "albumName": "Kya Yehi Pyaar Hai",
            "trackUri": "spotify:track:76oTKi1zvsDawQWmzT5inJ"
          },
          "episode": null,
          "localTrack": null,
          "addedDate": "2022-07-10"
        },
        {
          "track": {
            "trackName": "Khwaab Khwaab",
            "artistName": "Sachet Tandon",
            "albumName": "Khwaab Khwaab",
            "trackUri": "spotify:track:6T2649flj5PKx1QEDfbcvV"
          },
          "episode": null,
          "localTrack": null,
          "addedDate": "2022-07-10"
        },
        {
          "track": {
            "trackName": "Macha Macha Re (From \"Dasvi\")",
            "artistName": "Sachin-Jigar",
            "albumName": "Macha Macha Re (From \"Dasvi\")",
            "trackUri": "spotify:track:5Bd8HQtqVZiCbNsaJtahS0"
          },
          "episode": null,
          "localTrack": null,
          "addedDate": "2022-07-10"
        },
        {
          "track": {
            "trackName": "Baliye Re",
            "artistName": "Sachet Tandon",
            "albumName": "Jersey",
            "trackUri": "spotify:track:2e2yk5KU9tPub3ICT2HAn5"
          },
          "episode": null,
          "localTrack": null,
          "addedDate": "2022-07-10"
        },
        {
          "track": {
            "trackName": "Mehram",
            "artistName": "Sachet Tandon",
            "albumName": "Jersey",
            "trackUri": "spotify:track:4DNYf4UGKhGYlKFpFz2HlU"
          },
          "episode": null,
          "localTrack": null,
          "addedDate": "2022-07-10"
        },
        {
          "track": {
            "trackName": "Beera Beera",
            "artistName": "Vijay Prakash",
            "albumName": "Raavan",
            "trackUri": "spotify:track:0e0kOeyW2FKftCvVllfrnA"
          },
          "episode": null,
          "localTrack": null,
          "addedDate": "2022-07-10"
        },
        {
          "track": {
            "trackName": "Thok De Killi",
            "artistName": "Sukhwinder Singh",
            "albumName": "Raavan",
            "trackUri": "spotify:track:1mHtS8UXUgqCY4gncUs6JY"
          },
          "episode": null,
          "localTrack": null,
          "addedDate": "2022-07-10"
        },
        {
          "track": {
            "trackName": "Behene De",
            "artistName": "Karthik",
            "albumName": "Raavan",
            "trackUri": "spotify:track:3aSpbFK8DnCN3OE1ji9RUA"
          },
          "episode": null,
          "localTrack": null,
          "addedDate": "2022-07-10"
        },
        {
          "track": {
            "trackName": "Mudhal Nee Mudivum Nee Title Track (From \"Mudhal Nee Mudivum Nee\")",
            "artistName": "Darbuka Siva",
            "albumName": "Mudhal Nee Mudivum Nee Title Track",
            "trackUri": "spotify:track:1AzNN19lPYC68iacrbWL8X"
          },
          "episode": null,
          "localTrack": null,
          "addedDate": "2022-07-12"
        },
        {
          "track": {
            "trackName": "Raat Bhar",
            "artistName": "Arijit Singh",
            "albumName": "Heropanti",
            "trackUri": "spotify:track:3ctaMit7CuiHIPVYrRvm15"
          },
          "episode": null,
          "localTrack": null,
          "addedDate": "2022-07-12"
        },
        {
          "track": {
            "trackName": "Tabah",
            "artistName": "Mohit Chauhan",
            "albumName": "Heropanti",
            "trackUri": "spotify:track:1e83DKixcGxhymeItWkyug"
          },
          "episode": null,
          "localTrack": null,
          "addedDate": "2022-07-12"
        },
        {
          "track": {
            "trackName": "Tere Binaa",
            "artistName": "Mustafa Zahid",
            "albumName": "Heropanti",
            "trackUri": "spotify:track:1DsQyEshUaan0BBb7fUQHr"
          },
          "episode": null,
          "localTrack": null,
          "addedDate": "2022-07-12"
        },
        {
          "track": {
            "trackName": "Marudhanayagam Title Track - From \"Marudhanayagam\"",
            "artistName": "Ilaiyaraaja",
            "albumName": "Marudhanayagam Title Track",
            "trackUri": "spotify:track:6ES2I4myj1E5RtpPMMZ9lQ"
          },
          "episode": null,
          "localTrack": null,
          "addedDate": "2022-07-14"
        },
        {
          "track": {
            "trackName": "Dosti",
            "artistName": "Amit Trivedi",
            "albumName": "RRR",
            "trackUri": "spotify:track:26cHFZNNF8wXOYJSH2Si4B"
          },
          "episode": null,
          "localTrack": null,
          "addedDate": "2022-07-22"
        },
        {
          "track": {
            "trackName": "Naacho Naacho",
            "artistName": "Vishal Mishra",
            "albumName": "RRR",
            "trackUri": "spotify:track:6Riz3j8nRENg1e7ejJrjb4"
          },
          "episode": null,
          "localTrack": null,
          "addedDate": "2022-07-22"
        },
        {
          "track": {
            "trackName": "Raamam Raaghavam",
            "artistName": "Vijay Prakash",
            "albumName": "RRR",
            "trackUri": "spotify:track:7yETIAJYaUT2K56RPhI6JC"
          },
          "episode": null,
          "localTrack": null,
          "addedDate": "2022-07-22"
        },
        {
          "track": {
            "trackName": "Komuram Bheemudo",
            "artistName": "Kala Bhairava",
            "albumName": "RRR",
            "trackUri": "spotify:track:0mTek8vH6XIjcJSSGmz1kL"
          },
          "episode": null,
          "localTrack": null,
          "addedDate": "2022-07-22"
        },
        {
          "track": {
            "trackName": "Suno- Na Sangemarmar",
            "artistName": "Arijit Singh",
            "albumName": "Youngistaan",
            "trackUri": "spotify:track:0RrR3wg4ezBVwm7lyeybir"
          },
          "episode": null,
          "localTrack": null,
          "addedDate": "2022-07-25"
        },
        {
          "track": {
            "trackName": "Megham Karukatha (From \"Thiruchitrambalam\")",
            "artistName": "Dhanush",
            "albumName": "Megham Karukatha (From \"Thiruchitrambalam\")",
            "trackUri": "spotify:track:6TQS7URegxmcb8tTNpoXzi"
          },
          "episode": null,
          "localTrack": null,
          "addedDate": "2022-07-25"
        },
        {
          "track": {
            "trackName": "Thaai Kelavi (From \"Thiruchitrambalam\")",
            "artistName": "Dhanush",
            "albumName": "Thaai Kelavi (From \"Thiruchitrambalam\")",
            "trackUri": "spotify:track:1pean7zvZUqcWZaUucH63f"
          },
          "episode": null,
          "localTrack": null,
          "addedDate": "2022-07-25"
        },
        {
          "track": {
            "trackName": "Maguva Maguva",
            "artistName": "Sid Sriram",
            "albumName": "Vakeel Saab",
            "trackUri": "spotify:track:1F4NcTDQ2le32WMUGNF8jn"
          },
          "episode": null,
          "localTrack": null,
          "addedDate": "2022-07-28"
        },
        {
          "track": {
            "trackName": "Sathyameva Jayathe",
            "artistName": "Shankar Mahadevan",
            "albumName": "Vakeel Saab",
            "trackUri": "spotify:track:6WgeZ56MerrvURfub6Tmqw"
          },
          "episode": null,
          "localTrack": null,
          "addedDate": "2022-07-28"
        },
        {
          "track": {
            "trackName": "Voice Of Unity",
            "artistName": "Yuvan Shankar Raja",
            "albumName": "Maanaadu",
            "trackUri": "spotify:track:42LMjL86cep0L8QA1q0doE"
          },
          "episode": null,
          "localTrack": null,
          "addedDate": "2022-07-28"
        },
        {
          "track": {
            "trackName": "Akhanda - Title Song",
            "artistName": "Shankar Mahadevan",
            "albumName": "Akhanda",
            "trackUri": "spotify:track:2LJvawtaziETXdCRwMsXEg"
          },
          "episode": null,
          "localTrack": null,
          "addedDate": "2022-07-28"
        },
        {
          "track": {
            "trackName": "Sardaar",
            "artistName": "Benny Dayal",
            "albumName": "Sardaar Gabbar Singh (Original Motion Picture Soundtrack)",
            "trackUri": "spotify:track:1nFGuIMAtwPbaU9wgkC45K"
          },
          "episode": null,
          "localTrack": null,
          "addedDate": "2022-07-28"
        },
        {
          "track": {
            "trackName": "Life of Pazham (From \"Thiruchitrambalam\")",
            "artistName": "Anirudh Ravichander",
            "albumName": "Life of Pazham (From \"Thiruchitrambalam\")",
            "trackUri": "spotify:track:6A6mDExVoAEJmc5JyVSQeK"
          },
          "episode": null,
          "localTrack": null,
          "addedDate": "2022-07-28"
        },
        {
          "track": {
            "trackName": "Dhakka Laga Bukka Yuva",
            "artistName": "A.R. Rahman",
            "albumName": "Yuva",
            "trackUri": "spotify:track:12GsnYwwXC3gADfzGSzZLi"
          },
          "episode": null,
          "localTrack": null,
          "addedDate": "2022-07-28"
        },
        {
          "track": {
            "trackName": "Paatashaala",
            "artistName": "Thaman S",
            "albumName": "Yuvarathnaa (Telugu) (Original Motion Picture Soundtrack)",
            "trackUri": "spotify:track:4NOhTiu9LTRZXGfZmwJWLc"
          },
          "episode": null,
          "localTrack": null,
          "addedDate": "2022-07-28"
        },
        {
          "track": {
            "trackName": "Aathma Raama",
            "artistName": "Brodha V",
            "albumName": "Aathma Raama",
            "trackUri": "spotify:track:6qJrmD6CXKWkWcsYwu9AV3"
          },
          "episode": null,
          "localTrack": null,
          "addedDate": "2022-07-28"
        },
        {
          "track": {
            "trackName": "Tillu Anna DJ Pedithe",
            "artistName": "Ram Miriyala",
            "albumName": "DJ Tillu",
            "trackUri": "spotify:track:4ZNIkO2j6K2c0Nm8zWXmdn"
          },
          "episode": null,
          "localTrack": null,
          "addedDate": "2022-10-26"
        },
        {
          "track": {
            "trackName": "Rokda",
            "artistName": "Akshay Verma",
            "albumName": "Vicky Donor (Original Motion Picture Soundtrack)",
            "trackUri": "spotify:track:1lrdQBMzxkFtFVjD2LTHht"
          },
          "episode": null,
          "localTrack": null,
          "addedDate": "2022-12-08"
        },
        {
          "track": {
            "trackName": "Kho Jaane De",
            "artistName": "Clinton Cerejo",
            "albumName": "Vicky Donor (Original Motion Picture Soundtrack)",
            "trackUri": "spotify:track:7dI1z1GkAlXJTYMNyCGqtc"
          },
          "episode": null,
          "localTrack": null,
          "addedDate": "2022-12-08"
        },
        {
          "track": {
            "trackName": "Rum Whisky",
            "artistName": "Akshay Verma",
            "albumName": "Vicky Donor (Original Motion Picture Soundtrack)",
            "trackUri": "spotify:track:0TGScsAOiGmfjDtRshCxiz"
          },
          "episode": null,
          "localTrack": null,
          "addedDate": "2022-12-08"
        },
        {
          "track": {
            "trackName": "Pani Da Rang - Male Vocals",
            "artistName": "Ayushmann Khurrana",
            "albumName": "Vicky Donor (Original Motion Picture Soundtrack)",
            "trackUri": "spotify:track:4kaLkst9lT3sQ5Crgxs3ic"
          },
          "episode": null,
          "localTrack": null,
          "addedDate": "2022-12-08"
        },
        {
          "track": {
            "trackName": "Mar Jayian - Romantic",
            "artistName": "Vishal Dadlani",
            "albumName": "Vicky Donor (Original Motion Picture Soundtrack)",
            "trackUri": "spotify:track:5x3AHjrsUggibm2XZ75ViB"
          },
          "episode": null,
          "localTrack": null,
          "addedDate": "2022-12-08"
        },
        {
          "track": {
            "trackName": "Oru Maalai",
            "artistName": "Karthik",
            "albumName": "Ghajini (Original Motion Picture Soundtrack)",
            "trackUri": "spotify:track:1qfanYrmrh7xDSvt15acZ3"
          },
          "episode": null,
          "localTrack": null,
          "addedDate": "2023-02-06"
        },
        {
          "track": {
            "trackName": "Machi Open the Bottle",
            "artistName": "Yuvan Shankar Raja",
            "albumName": "Mankatha (Original Motion Picture Soundtrack)",
            "trackUri": "spotify:track:6YcBBZVKYYRirfeAt6BeGA"
          },
          "episode": null,
          "localTrack": null,
          "addedDate": "2023-02-06"
        },
        {
          "track": {
            "trackName": "Waqt Waqt",
            "artistName": "Vishal Bhardwaj",
            "albumName": "Fursat (#ShotoniPhone Original Film Soundtrack)",
            "trackUri": "spotify:track:1qtvgBG0fjbou8CgtABlK9"
          },
          "episode": null,
          "localTrack": null,
          "addedDate": "2023-02-07"
        },
        {
          "track": {
            "trackName": "Kal Kahin",
            "artistName": "Vishal Bhardwaj",
            "albumName": "Fursat (#ShotoniPhone Original Film Soundtrack)",
            "trackUri": "spotify:track:7x0Y6hItFgicDbknbWk0ip"
          },
          "episode": null,
          "localTrack": null,
          "addedDate": "2023-02-07"
        },
        {
          "track": {
            "trackName": "Lalkaar",
            "artistName": "Vishal Bhardwaj",
            "albumName": "Fursat (#ShotoniPhone Original Film Soundtrack)",
            "trackUri": "spotify:track:2XWGJxnmtFvUXnUdlvqOLt"
          },
          "episode": null,
          "localTrack": null,
          "addedDate": "2023-02-07"
        },
        {
          "track": {
            "trackName": "Maiyya Mainu",
            "artistName": "Sachet Tandon",
            "albumName": "Jersey",
            "trackUri": "spotify:track:25P2RJETt9AtUETbsNfcuR"
          },
          "episode": null,
          "localTrack": null,
          "addedDate": "2023-02-07"
        },
        {
          "track": {
            "trackName": "Onnoda Nadandhaa (From \"Viduthalai\")",
            "artistName": "Ilaiyaraaja",
            "albumName": "Onnoda Nadandhaa",
            "trackUri": "spotify:track:1go9gWdOHiQIrLqTrAklti"
          },
          "episode": null,
          "localTrack": null,
          "addedDate": "2023-02-08"
        },
        {
          "track": {
            "trackName": "Namma Satham (From \"Pathu Thala\")",
            "artistName": "A.R. Rahman",
            "albumName": "Namma Satham",
            "trackUri": "spotify:track:1DUaZdBqnc18ja3DY6h0dS"
          },
          "episode": null,
          "localTrack": null,
          "addedDate": "2023-02-08"
        },
        {
          "track": {
            "trackName": "Maya Maya",
            "artistName": "Udit Narayan",
            "albumName": "Baba",
            "trackUri": "spotify:track:7lQCJSQBCmoScFJXhqDF4x"
          },
          "episode": null,
          "localTrack": null,
          "addedDate": "2023-02-08"
        },
        {
          "track": {
            "trackName": "Oruvan Oruvan Mudalali",
            "artistName": "S. P. Balasubrahmanyam",
            "albumName": "Muthu",
            "trackUri": "spotify:track:7mk9HRPntInJXJxySQF6On"
          },
          "episode": null,
          "localTrack": null,
          "addedDate": "2023-02-08"
        },
        {
          "track": {
            "trackName": "Garaj Baras",
            "artistName": "Ali Azmat",
            "albumName": "Paap",
            "trackUri": "spotify:track:7J76GqRa6YWoi8cLb2kvr4"
          },
          "episode": null,
          "localTrack": null,
          "addedDate": "2023-02-09"
        },
        {
          "track": {
            "trackName": "Mann Ki Lagan",
            "artistName": "Rahat Fateh Ali Khan",
            "albumName": "Paap",
            "trackUri": "spotify:track:0s8fGVzyn6URNrUVwCE3dV"
          },
          "episode": null,
          "localTrack": null,
          "addedDate": "2023-02-09"
        },
        {
          "track": {
            "trackName": "Toh Dishoom",
            "artistName": "Pritam",
            "albumName": "Dishoom",
            "trackUri": "spotify:track:2dZyFNtUz3IIBzUZmSu5z8"
          },
          "episode": null,
          "localTrack": null,
          "addedDate": "2023-02-09"
        },
        {
          "track": {
            "trackName": "Sau Tarah Ke",
            "artistName": "Pritam",
            "albumName": "Dishoom",
            "trackUri": "spotify:track:54SQet8YMttOgTqDNGcGpe"
          },
          "episode": null,
          "localTrack": null,
          "addedDate": "2023-02-09"
        },
        {
          "track": {
            "trackName": "Jaaneman Aah (Film Version)",
            "artistName": "Pritam",
            "albumName": "Dishoom",
            "trackUri": "spotify:track:1aDwYDhQqIs3zXwX9060pc"
          },
          "episode": null,
          "localTrack": null,
          "addedDate": "2023-02-09"
        }
      ],
      "description": null,
      "numberOfFollowers": 0
    }
  ]
}