[
  {
    "platform" : "ANDROID",
    "searchTime" : "2023-09-11T04:05:28.400Z[UTC]",
    "searchQuery" : "jab sa",
    "searchInteractionURIs" : [
      "spotify:track:0FCO8WDvyjaPO8mkaSP4WH",
      "spotify:album:1ewtD7ykSg3j31ARf0VN0b",
      "spotify:track:3igjvls6LMb3TncpfSxVda"
    ]
  },
  {
    "platform" : "ANDROID",
    "searchTime" : "2023-09-14T09:51:16.110Z[UTC]",
    "searchQuery" : "gangsta",
    "searchInteractionURIs" : [
      "spotify:track:1DIXPcTDzTj8ZMHt3PDt8p"
    ]
  },
  {
    "platform" : "ANDROID",
    "searchTime" : "2023-09-18T06:03:05.817Z[UTC]",
    "searchQuery" : "jab",
    "searchInteractionURIs" : [
    ]
  },
  {
    "platform" : "ANDROID",
    "searchTime" : "2023-09-18T09:07:23.697Z[UTC]",
    "searchQuery" : "jawan",
    "searchInteractionURIs" : [
      "spotify:album:3WLJmMZUeDOuERFAk1Mxs6",
      "spotify:track:29Lsdm869Qk82RS5he08R4",
      "spotify:track:0lZhDg6xVjHLwL5zYd6nkL"
    ]
  },
  {
    "platform" : "ANDROID",
    "searchTime" : "2023-09-18T09:45:43.601Z[UTC]",
    "searchQuery" : "vand",
    "searchInteractionURIs" : [
      "spotify:track:1qiTVMkwHOy7bD8DCU460Q"
    ]
  },
  {
    "platform" : "ANDROID",
    "searchTime" : "2023-09-21T07:58:35.033Z[UTC]",
    "searchQuery" : "jawan ",
    "searchInteractionURIs" : [
      "spotify:track:0lZhDg6xVjHLwL5zYd6nkL"
    ]
  },
  {
    "platform" : "ANDROID",
    "searchTime" : "2023-09-21T08:42:11.576Z[UTC]",
    "searchQuery" : "jawan ",
    "searchInteractionURIs" : [
    ]
  },
  {
    "platform" : "ANDROID",
    "searchTime" : "2023-09-21T09:15:23.123Z[UTC]",
    "searchQuery" : "jawan ",
    "searchInteractionURIs" : [
    ]
  },
  {
    "platform" : "ANDROID",
    "searchTime" : "2023-09-21T09:54:11.184Z[UTC]",
    "searchQuery" : "jawan ",
    "searchInteractionURIs" : [
      "spotify:track:29Lsdm869Qk82RS5he08R4"
    ]
  },
  {
    "platform" : "ANDROID",
    "searchTime" : "2023-09-21T12:46:03.165Z[UTC]",
    "searchQuery" : "bhaag dk",
    "searchInteractionURIs" : [
      "spotify:track:1sxh0eqIb8ulYypPuq6ZRu"
    ]
  },
  {
    "platform" : "ANDROID",
    "searchTime" : "2023-09-22T03:55:31.212Z[UTC]",
    "searchQuery" : "vidhaa",
    "searchInteractionURIs" : [
      "spotify:album:7viITyVLA4XJOOBXnP4pDV",
      "spotify:album:2VrXa3UD9umf0ZV1IMZixh"
    ]
  },
  {
    "platform" : "ANDROID",
    "searchTime" : "2023-09-22T05:07:59.535Z[UTC]",
    "searchQuery" : "love aaj",
    "searchInteractionURIs" : [
      "spotify:album:2yoQE2XBnwdUyoOkoprTfT",
      "spotify:album:6IXfWhC7omotM4lt0ROmEr",
      "spotify:album:2yoQE2XBnwdUyoOkoprTfT"
    ]
  },
  {
    "platform" : "ANDROID",
    "searchTime" : "2023-09-22T05:41:07.749Z[UTC]",
    "searchQuery" : "shanka",
    "searchInteractionURIs" : [
      "spotify:album:2Dsq5t51lyNxZHm6bDdlbi"
    ]
  },
  {
    "platform" : "ANDROID",
    "searchTime" : "2023-09-22T05:49:11.592Z[UTC]",
    "searchQuery" : "vasool",
    "searchInteractionURIs" : [
      "spotify:album:2dyPKGASg9lj8gFjI0gnpP"
    ]
  },
  {
    "platform" : "ANDROID",
    "searchTime" : "2023-09-22T10:54:33.630Z[UTC]",
    "searchQuery" : "9",
    "searchInteractionURIs" : [
      "spotify:track:6c4Po8zyQjB4cR5XgLhcGb",
      "spotify:track:6Z4rRhYZVQsYKmrxD40tru"
    ]
  },
  {
    "platform" : "ANDROID",
    "searchTime" : "2023-09-22T10:58:56.938Z[UTC]",
    "searchQuery" : "jaanu",
    "searchInteractionURIs" : [
      "spotify:album:76Gn7WA0mvH8Ke4yjGlveG",
      "spotify:album:2D6zJBScUY00shmNLPnToF"
    ]
  },
  {
    "platform" : "ANDROID_ARM",
    "searchTime" : "2023-09-22T13:03:10.904Z[UTC]",
    "searchQuery" : "na",
    "searchInteractionURIs" : [
    ]
  },
  {
    "platform" : "ANDROID",
    "searchTime" : "2023-09-22T13:03:11.166Z[UTC]",
    "searchQuery" : "natpu",
    "searchInteractionURIs" : [
      "spotify:track:3ZZYz8ttm10Jjjvn454m9v"
    ]
  },
  {
    "platform" : "ANDROID",
    "searchTime" : "2023-09-22T13:13:10.070Z[UTC]",
    "searchQuery" : "vandh",
    "searchInteractionURIs" : [
      "spotify:track:1qiTVMkwHOy7bD8DCU460Q"
    ]
  },
  {
    "platform" : "ANDROID",
    "searchTime" : "2023-09-22T13:22:10.244Z[UTC]",
    "searchQuery" : "jawa",
    "searchInteractionURIs" : [
      "spotify:track:29Lsdm869Qk82RS5he08R4"
    ]
  },
  {
    "platform" : "ANDROID",
    "searchTime" : "2023-09-23T09:10:23.518Z[UTC]",
    "searchQuery" : "panja m",
    "searchInteractionURIs" : [
      "spotify:track:7E3Bf1KYklygL0VoBemMBk",
      "spotify:album:1yc1PhFxmSKD1tZtCWQirO"
    ]
  },
  {
    "platform" : "ANDROID_ARM",
    "searchTime" : "2023-09-24T01:35:08.691Z[UTC]",
    "searchQuery" : "yen",
    "searchInteractionURIs" : [
    ]
  },
  {
    "platform" : "ANDROID",
    "searchTime" : "2023-09-24T01:35:09.226Z[UTC]",
    "searchQuery" : "yenna",
    "searchInteractionURIs" : [
      "spotify:album:38er9gISOMI0uQW90und0K"
    ]
  },
  {
    "platform" : "ANDROID_ARM",
    "searchTime" : "2023-09-24T01:38:31.815Z[UTC]",
    "searchQuery" : "h",
    "searchInteractionURIs" : [
    ]
  },
  {
    "platform" : "ANDROID",
    "searchTime" : "2023-09-24T01:38:32.023Z[UTC]",
    "searchQuery" : "his ",
    "searchInteractionURIs" : [
      "spotify:track:4ZMLhESqrX6ng6thaZ4M4a"
    ]
  },
  {
    "platform" : "ANDROID_ARM",
    "searchTime" : "2023-09-25T03:20:19.810Z[UTC]",
    "searchQuery" : "bom",
    "searchInteractionURIs" : [
    ]
  },
  {
    "platform" : "ANDROID",
    "searchTime" : "2023-09-25T03:20:20.209Z[UTC]",
    "searchQuery" : "bommali",
    "searchInteractionURIs" : [
      "spotify:track:72SEGDiR5zCUnFng3A5Rw5"
    ]
  },
  {
    "platform" : "ANDROID",
    "searchTime" : "2023-09-25T03:25:19.381Z[UTC]",
    "searchQuery" : "solluda",
    "searchInteractionURIs" : [
      "spotify:track:2fozKJZ3Of1AxxIw1Lbj81"
    ]
  },
  {
    "platform" : "ANDROID_ARM",
    "searchTime" : "2023-09-25T04:21:58.360Z[UTC]",
    "searchQuery" : "n",
    "searchInteractionURIs" : [
    ]
  },
  {
    "platform" : "ANDROID_ARM",
    "searchTime" : "2023-09-25T04:21:59.143Z[UTC]",
    "searchQuery" : "nerw",
    "searchInteractionURIs" : [
    ]
  },
  {
    "platform" : "ANDROID",
    "searchTime" : "2023-09-25T04:22:00.441Z[UTC]",
    "searchQuery" : "neram ",
    "searchInteractionURIs" : [
      "spotify:album:7pZ6CySzSbOr06ZbvYg1Yj"
    ]
  },
  {
    "platform" : "ANDROID_ARM",
    "searchTime" : "2023-09-25T05:02:23.710Z[UTC]",
    "searchQuery" : "aag",
    "searchInteractionURIs" : [
    ]
  },
  {
    "platform" : "ANDROID",
    "searchTime" : "2023-09-25T05:02:23.836Z[UTC]",
    "searchQuery" : "aag ",
    "searchInteractionURIs" : [
      "spotify:track:2T09SGsKR0gAeRr5k5rfUL"
    ]
  },
  {
    "platform" : "ANDROID_ARM",
    "searchTime" : "2023-09-25T05:11:33.142Z[UTC]",
    "searchQuery" : "pan",
    "searchInteractionURIs" : [
    ]
  },
  {
    "platform" : "ANDROID",
    "searchTime" : "2023-09-25T05:11:33.884Z[UTC]",
    "searchQuery" : "panji",
    "searchInteractionURIs" : [
      "spotify:track:7E3Bf1KYklygL0VoBemMBk",
      "spotify:playlist:4GSKbrWAqhUjhWmd6NKKOc",
      "spotify:album:0rSrWBBdwHj62zX7bqAWfN"
    ]
  },
  {
    "platform" : "ANDROID",
    "searchTime" : "2023-09-25T05:24:04.549Z[UTC]",
    "searchQuery" : "rdx",
    "searchInteractionURIs" : [
      "spotify:album:3obJNoTmLVdMLczcAfVJgc"
    ]
  },
  {
    "platform" : "ANDROID_ARM",
    "searchTime" : "2023-09-25T06:15:42.290Z[UTC]",
    "searchQuery" : "g",
    "searchInteractionURIs" : [
    ]
  },
  {
    "platform" : "ANDROID",
    "searchTime" : "2023-09-25T06:15:43.025Z[UTC]",
    "searchQuery" : "godf",
    "searchInteractionURIs" : [
      "spotify:album:1iZ7sbgVH4WlCSHNiyXsLg"
    ]
  },
  {
    "platform" : "ANDROID_ARM",
    "searchTime" : "2023-09-25T06:15:43.191Z[UTC]",
    "searchQuery" : "god",
    "searchInteractionURIs" : [
    ]
  },
  {
    "platform" : "ANDROID_ARM",
    "searchTime" : "2023-09-25T07:16:56.617Z[UTC]",
    "searchQuery" : "raathir",
    "searchInteractionURIs" : [
    ]
  },
  {
    "platform" : "ANDROID_ARM",
    "searchTime" : "2023-09-25T07:16:57.426Z[UTC]",
    "searchQuery" : "raathiri ",
    "searchInteractionURIs" : [
    ]
  },
  {
    "platform" : "ANDROID",
    "searchTime" : "2023-09-25T07:17:02.007Z[UTC]",
    "searchQuery" : "raathiri mantr",
    "searchInteractionURIs" : [
    ]
  },
  {
    "platform" : "ANDROID",
    "searchTime" : "2023-09-25T07:17:07.607Z[UTC]",
    "searchQuery" : "dasava",
    "searchInteractionURIs" : [
      "spotify:album:66HrRSmRyMdzf60QISnLlL",
      "spotify:album:3x9KAUOI2XdNJPiwaZid5q",
      "spotify:album:66HrRSmRyMdzf60QISnLlL"
    ]
  },
  {
    "platform" : "ANDROID_ARM",
    "searchTime" : "2023-09-25T10:48:09.034Z[UTC]",
    "searchQuery" : "jab",
    "searchInteractionURIs" : [
    ]
  },
  {
    "platform" : "ANDROID",
    "searchTime" : "2023-09-25T10:48:09.321Z[UTC]",
    "searchQuery" : "jabbili",
    "searchInteractionURIs" : [
      "spotify:track:4imLxNMs05m3Co3CORrQtm",
      "spotify:track:6wNOBns27jTxzjf6n9mQIP",
      "spotify:album:5Ct6HNSMpBZkd8TOiCFn25"
    ]
  },
  {
    "platform" : "ANDROID_ARM",
    "searchTime" : "2023-09-25T10:52:57.434Z[UTC]",
    "searchQuery" : "ka",
    "searchInteractionURIs" : [
    ]
  },
  {
    "platform" : "ANDROID",
    "searchTime" : "2023-09-25T10:53:02.514Z[UTC]",
    "searchQuery" : "kadhal ge",
    "searchInteractionURIs" : [
      "spotify:album:5ndRRXL5cK8dy1KhbzOdYA"
    ]
  },
  {
    "platform" : "ANDROID",
    "searchTime" : "2023-09-25T12:07:12.606Z[UTC]",
    "searchQuery" : "billa",
    "searchInteractionURIs" : [
      "spotify:playlist:6crutwpngu7mHe6wG1i4gz"
    ]
  },
  {
    "platform" : "ANDROID",
    "searchTime" : "2023-09-25T12:51:50.085Z[UTC]",
    "searchQuery" : "bulbu",
    "searchInteractionURIs" : [
      "spotify:track:5suCyhZw7W6Gf9I0Bp34hO"
    ]
  },
  {
    "platform" : "ANDROID",
    "searchTime" : "2023-09-25T14:30:44.471Z[UTC]",
    "searchQuery" : "idhu or",
    "searchInteractionURIs" : [
      "spotify:track:1Lx4k8zay8JjyN7Ew2u4wG"
    ]
  },
  {
    "platform" : "ANDROID_ARM",
    "searchTime" : "2023-09-25T15:39:46.443Z[UTC]",
    "searchQuery" : "k",
    "searchInteractionURIs" : [
    ]
  },
  {
    "platform" : "ANDROID_ARM",
    "searchTime" : "2023-09-25T15:39:47.487Z[UTC]",
    "searchQuery" : "kad",
    "searchInteractionURIs" : [
    ]
  },
  {
    "platform" : "ANDROID_ARM",
    "searchTime" : "2023-09-25T15:39:48.509Z[UTC]",
    "searchQuery" : "kat",
    "searchInteractionURIs" : [
    ]
  },
  {
    "platform" : "ANDROID",
    "searchTime" : "2023-09-25T15:39:53.969Z[UTC]",
    "searchQuery" : "kathal gee",
    "searchInteractionURIs" : [
      "spotify:album:5ndRRXL5cK8dy1KhbzOdYA",
      "spotify:track:1eUIhOKYG45Jz7xIdcNlbn",
      "spotify:track:1eUIhOKYG45Jz7xIdcNlbn"
    ]
  },
  {
    "platform" : "ANDROID_ARM",
    "searchTime" : "2023-09-25T15:42:26.648Z[UTC]",
    "searchQuery" : "h",
    "searchInteractionURIs" : [
    ]
  },
  {
    "platform" : "ANDROID",
    "searchTime" : "2023-09-25T15:42:27.434Z[UTC]",
    "searchQuery" : "humse",
    "searchInteractionURIs" : [
      "spotify:album:5KUNZtvhRhl1tdreOokE9B",
      "spotify:album:2oPdRL0fDdnW9e1zoMnrDk",
      "spotify:track:0iG83qZ0ftWr43VggRYkp3",
      "spotify:album:2oPdRL0fDdnW9e1zoMnrDk"
    ]
  },
  {
    "platform" : "ANDROID",
    "searchTime" : "2023-09-26T02:31:08.585Z[UTC]",
    "searchQuery" : "prema en",
    "searchInteractionURIs" : [
      "spotify:track:7JXnPftqAhqMW1T4qkyz1n",
      "spotify:album:1FOb8tlBkQaYYupYmfythK"
    ]
  },
  {
    "platform" : "ANDROID_ARM",
    "searchTime" : "2023-09-26T04:23:21.657Z[UTC]",
    "searchQuery" : "deba",
    "searchInteractionURIs" : [
    ]
  },
  {
    "platform" : "ANDROID",
    "searchTime" : "2023-09-26T04:23:22.559Z[UTC]",
    "searchQuery" : "deba he",
    "searchInteractionURIs" : [
      "spotify:track:6g7l4GKQ0iaKS8OnMREAA8"
    ]
  },
  {
    "platform" : "ANDROID_ARM",
    "searchTime" : "2023-09-27T07:38:02.538Z[UTC]",
    "searchQuery" : "teri ke",
    "searchInteractionURIs" : [
    ]
  },
  {
    "platform" : "ANDROID",
    "searchTime" : "2023-09-27T07:38:02.979Z[UTC]",
    "searchQuery" : "teri keh",
    "searchInteractionURIs" : [
      "spotify:album:5lOKYvuSy6buolqIHSUwpG"
    ]
  },
  {
    "platform" : "ANDROID_ARM",
    "searchTime" : "2023-09-27T09:52:30.502Z[UTC]",
    "searchQuery" : "mank",
    "searchInteractionURIs" : [
    ]
  },
  {
    "platform" : "ANDROID",
    "searchTime" : "2023-09-27T09:52:32.027Z[UTC]",
    "searchQuery" : "mankatha",
    "searchInteractionURIs" : [
      "spotify:album:5SV5Wjj3CH23kMOg4VrO33",
      "spotify:album:38er9gISOMI0uQW90und0K"
    ]
  },
  {
    "platform" : "ANDROID",
    "searchTime" : "2023-09-27T10:05:43.052Z[UTC]",
    "searchQuery" : "oorva",
    "searchInteractionURIs" : [
      "spotify:album:2FLFZYTdBl3PyrsMVm1fMR"
    ]
  },
  {
    "platform" : "ANDROID",
    "searchTime" : "2023-09-27T10:06:09.925Z[UTC]",
    "searchQuery" : "humse",
    "searchInteractionURIs" : [
      "spotify:album:5KUNZtvhRhl1tdreOokE9B"
    ]
  },
  {
    "platform" : "ANDROID_ARM",
    "searchTime" : "2023-09-27T10:53:24.417Z[UTC]",
    "searchQuery" : "man",
    "searchInteractionURIs" : [
    ]
  },
  {
    "platform" : "ANDROID_ARM",
    "searchTime" : "2023-09-27T10:53:31.497Z[UTC]",
    "searchQuery" : "manishar",
    "searchInteractionURIs" : [
    ]
  },
  {
    "platform" : "ANDROID",
    "searchTime" : "2023-09-27T10:53:36.319Z[UTC]",
    "searchQuery" : "manisharma",
    "searchInteractionURIs" : [
      "spotify:album:37evPVtdfVL0X4Sji9tQdu",
      "spotify:album:6U1ZDp9cdKJrgJfoXdrkCu"
    ]
  },
  {
    "platform" : "ANDROID",
    "searchTime" : "2023-09-27T12:48:13.690Z[UTC]",
    "searchQuery" : "godf",
    "searchInteractionURIs" : [
      "spotify:album:1iZ7sbgVH4WlCSHNiyXsLg"
    ]
  },
  {
    "platform" : "ANDROID",
    "searchTime" : "2023-09-27T12:59:49.675Z[UTC]",
    "searchQuery" : "lingaa",
    "searchInteractionURIs" : [
      "spotify:album:2V174ewxSwOGHfGG8p8qGv"
    ]
  },
  {
    "platform" : "ANDROID_ARM",
    "searchTime" : "2023-09-27T12:59:50.154Z[UTC]",
    "searchQuery" : "linga",
    "searchInteractionURIs" : [
    ]
  },
  {
    "platform" : "ANDROID",
    "searchTime" : "2023-09-27T14:34:11.384Z[UTC]",
    "searchQuery" : "mate rani",
    "searchInteractionURIs" : [
      "spotify:track:6wNOBns27jTxzjf6n9mQIP"
    ]
  },
  {
    "platform" : "ANDROID",
    "searchTime" : "2023-09-27T14:41:09.247Z[UTC]",
    "searchQuery" : "kelad",
    "searchInteractionURIs" : [
      "spotify:track:5ilUJK8efHD5ULhtYS94TR",
      "spotify:album:2ciA5RPt08hPO2oHWISPMA"
    ]
  },
  {
    "platform" : "ANDROID_ARM",
    "searchTime" : "2023-09-28T03:31:28.855Z[UTC]",
    "searchQuery" : "pa",
    "searchInteractionURIs" : [
    ]
  },
  {
    "platform" : "ANDROID",
    "searchTime" : "2023-09-28T03:31:30.461Z[UTC]",
    "searchQuery" : "patha t",
    "searchInteractionURIs" : [
      "spotify:album:6y3yImd357ZGmMfb0mb1ts",
      "spotify:album:6y3yImd357ZGmMfb0mb1ts"
    ]
  },
  {
    "platform" : "ANDROID",
    "searchTime" : "2023-09-28T05:26:35.261Z[UTC]",
    "searchQuery" : "mate ",
    "searchInteractionURIs" : [
      "spotify:track:6wNOBns27jTxzjf6n9mQIP"
    ]
  },
  {
    "platform" : "ANDROID",
    "searchTime" : "2023-09-28T05:27:08.496Z[UTC]",
    "searchQuery" : "kajra",
    "searchInteractionURIs" : [
      "spotify:track:72HdutlIHBZJ7WT1xVAAZT"
    ]
  },
  {
    "platform" : "ANDROID_ARM",
    "searchTime" : "2023-09-28T05:27:08.734Z[UTC]",
    "searchQuery" : "kajr",
    "searchInteractionURIs" : [
    ]
  },
  {
    "platform" : "ANDROID_ARM",
    "searchTime" : "2023-09-28T05:27:14.125Z[UTC]",
    "searchQuery" : "kajra",
    "searchInteractionURIs" : [
    ]
  },
  {
    "platform" : "ANDROID",
    "searchTime" : "2023-09-28T05:40:16.691Z[UTC]",
    "searchQuery" : "kajra",
    "searchInteractionURIs" : [
    ]
  },
  {
    "platform" : "ANDROID_ARM",
    "searchTime" : "2023-09-28T13:12:51.987Z[UTC]",
    "searchQuery" : "bhai ka",
    "searchInteractionURIs" : [
    ]
  },
  {
    "platform" : "ANDROID_ARM",
    "searchTime" : "2023-09-28T13:12:58.288Z[UTC]",
    "searchQuery" : "an",
    "searchInteractionURIs" : [
    ]
  },
  {
    "platform" : "ANDROID_ARM",
    "searchTime" : "2023-09-28T13:12:58.571Z[UTC]",
    "searchQuery" : "anti",
    "searchInteractionURIs" : [
    ]
  },
  {
    "platform" : "ANDROID_ARM",
    "searchTime" : "2023-09-29T03:27:59.222Z[UTC]",
    "searchQuery" : "b",
    "searchInteractionURIs" : [
    ]
  },
  {
    "platform" : "ANDROID",
    "searchTime" : "2023-09-29T03:28:00.601Z[UTC]",
    "searchQuery" : "baash",
    "searchInteractionURIs" : [
      "spotify:album:4Z9LA6wbSsfiCnm6Qmxhdd"
    ]
  },
  {
    "platform" : "ANDROID",
    "searchTime" : "2023-09-29T03:30:13.703Z[UTC]",
    "searchQuery" : "baash",
    "searchInteractionURIs" : [
      "spotify:album:6vSaQWr9UJoayVhN9KHUM8",
      "spotify:album:2M57ncI0it8I12eVmF0Ttt"
    ]
  },
  {
    "platform" : "ANDROID",
    "searchTime" : "2023-09-29T04:11:35.008Z[UTC]",
    "searchQuery" : "baash",
    "searchInteractionURIs" : [
    ]
  },
  {
    "platform" : "ANDROID",
    "searchTime" : "2023-09-29T13:06:54.509Z[UTC]",
    "searchQuery" : "kuttey",
    "searchInteractionURIs" : [
      "spotify:album:1mcs3VOYNeGHfhvVV0CWlX"
    ]
  },
  {
    "platform" : "ANDROID_ARM",
    "searchTime" : "2023-10-03T04:40:08.877Z[UTC]",
    "searchQuery" : "s",
    "searchInteractionURIs" : [
    ]
  },
  {
    "platform" : "ANDROID",
    "searchTime" : "2023-10-03T04:40:09.730Z[UTC]",
    "searchQuery" : "skan",
    "searchInteractionURIs" : [
      "spotify:album:4rgM7MJscewBzrqv6tAZD1"
    ]
  },
  {
    "platform" : "ANDROID",
    "searchTime" : "2023-10-06T04:46:43.936Z[UTC]",
    "searchQuery" : "unnakum ",
    "searchInteractionURIs" : [
      "spotify:track:2yJ8CbWku8pcdq6O7dXdUF"
    ]
  },
  {
    "platform" : "ANDROID",
    "searchTime" : "2023-10-09T03:28:25.794Z[UTC]",
    "searchQuery" : "na ready from Leo",
    "searchInteractionURIs" : [
      "spotify:track:1B02UI29t3PTh3m98absaP"
    ]
  },
  {
    "platform" : "ANDROID",
    "searchTime" : "2023-10-10T09:27:05.927Z[UTC]",
    "searchQuery" : "tera",
    "searchInteractionURIs" : [
    ]
  },
  {
    "platform" : "ANDROID_ARM",
    "searchTime" : "2023-10-10T09:31:22.468Z[UTC]",
    "searchQuery" : "ja",
    "searchInteractionURIs" : [
    ]
  },
  {
    "platform" : "ANDROID",
    "searchTime" : "2023-10-10T09:31:23.741Z[UTC]",
    "searchQuery" : "jai ho",
    "searchInteractionURIs" : [
      "spotify:album:3Jb68IbR95Kh1hsR1oWxij"
    ]
  },
  {
    "platform" : "ANDROID_ARM",
    "searchTime" : "2023-10-10T09:37:09.367Z[UTC]",
    "searchQuery" : "saj",
    "searchInteractionURIs" : [
    ]
  },
  {
    "platform" : "ANDROID",
    "searchTime" : "2023-10-10T09:37:10.319Z[UTC]",
    "searchQuery" : "sajid",
    "searchInteractionURIs" : [
      "spotify:artist:3qdu3XhzSzkRhbwdFKnSuw"
    ]
  },
  {
    "platform" : "ANDROID_ARM",
    "searchTime" : "2023-10-10T12:22:36.417Z[UTC]",
    "searchQuery" : "adiy",
    "searchInteractionURIs" : [
    ]
  },
  {
    "platform" : "ANDROID",
    "searchTime" : "2023-10-10T12:22:36.677Z[UTC]",
    "searchQuery" : "adiye ",
    "searchInteractionURIs" : [
      "spotify:track:36nz1S00PSo4OlqS30ymEZ",
      "spotify:track:7E3Bf1KYklygL0VoBemMBk"
    ]
  },
  {
    "platform" : "ANDROID",
    "searchTime" : "2023-10-10T12:23:11.331Z[UTC]",
    "searchQuery" : "panju",
    "searchInteractionURIs" : [
      "spotify:track:7E3Bf1KYklygL0VoBemMBk",
      "spotify:playlist:04rJ1X1xsqObiylzb0u0kT"
    ]
  },
  {
    "platform" : "ANDROID",
    "searchTime" : "2023-12-04T12:39:40.550Z[UTC]",
    "searchQuery" : "his ",
    "searchInteractionURIs" : [
      "spotify:track:4ZMLhESqrX6ng6thaZ4M4a",
      "spotify:track:0ra4ekNZqSJIEdrWAhHm9Z"
    ]
  },
  {
    "platform" : "ANDROID",
    "searchTime" : "2023-12-05T04:38:29.648Z[UTC]",
    "searchQuery" : "ding do",
    "searchInteractionURIs" : [
      "spotify:track:3ydNwwLfMCeqmuP4FHAJkH",
      "spotify:track:34ukOxUQQCWSWKRpdv4gRt",
      "spotify:track:0U9AVN16faf2iOWEOt67H8",
      "spotify:album:7wmODKpStTh7wdMMzY3zmQ",
      "spotify:album:66wPpXvuJUBh5lrHY0LmhS",
      "spotify:track:34ukOxUQQCWSWKRpdv4gRt",
      "spotify:track:3ydNwwLfMCeqmuP4FHAJkH"
    ]
  }
]